"","Marker","Company","Sampled_date","Actual","Probability","Classified as","Veracity"
"","2023-09-30 00:00:00+00:00","Stitch Fix","2023-09-30 00:00:00+00:00","YES","0.71","YES","true"
"","2023-09-30 00:00:00+00:00","Shift","2023-09-30 00:00:00+00:00","YES","0.69","YES","true"
"","2023-09-30 00:00:00+00:00","Convoy","2023-09-30 00:00:00+00:00","YES","0.66","YES","true"
"","2023-09-30 00:00:00+00:00","Hubilo","2023-09-30 00:00:00+00:00","YES","0.65","YES","true"
"","2023-09-30 00:00:00+00:00","Meta","2023-09-30 00:00:00+00:00","YES","0.64","YES","true"
"","2023-09-30 00:00:00+00:00","Arrival","2023-09-30 00:00:00+00:00","YES","0.63","YES","true"
"","2023-09-30 00:00:00+00:00","Lemonade","2023-09-30 00:00:00+00:00","NO","0.53","YES","false"
"","2023-09-30 00:00:00+00:00","R3","2023-09-30 00:00:00+00:00","NO","0.52","NO","true"
"","2023-09-30 00:00:00+00:00","Intercom","2023-09-30 00:00:00+00:00","NO","0.5","NO","true"
"","2023-09-30 00:00:00+00:00","Mavenir","2023-09-30 00:00:00+00:00","NO","0.5","NO","true"
"","2023-09-30 00:00:00+00:00","Twilio","2023-09-30 00:00:00+00:00","YES","0.45","NO","false"
"","2023-09-30 00:00:00+00:00","Waymo","2023-09-30 00:00:00+00:00","YES","0.44","NO","false"
"","2023-09-30 00:00:00+00:00","Checkout.com","2023-09-30 00:00:00+00:00","YES","0.43","NO","false"
"","2023-09-30 00:00:00+00:00","Payoneer","2023-09-30 00:00:00+00:00","NO","0.42","NO","true"
"","2023-09-30 00:00:00+00:00","F5","2023-09-30 00:00:00+00:00","YES","0.41","NO","false"
"","2023-09-30 00:00:00+00:00","Indigo","2023-09-30 00:00:00+00:00","NO","0.4","NO","true"
"","2023-09-30 00:00:00+00:00","Qualtrics","2023-09-30 00:00:00+00:00","YES","0.4","NO","false"
"","2023-09-30 00:00:00+00:00","StyleSeat","2023-09-30 00:00:00+00:00","NO","0.39","NO","true"
"","2023-09-30 00:00:00+00:00","Caliva","2023-09-30 00:00:00+00:00","NO","0.37","NO","true"
"","2023-09-30 00:00:00+00:00","Lending Club","2023-09-30 00:00:00+00:00","YES","0.36","NO","false"
"","2023-09-30 00:00:00+00:00","DealShare","2023-09-30 00:00:00+00:00","NO","0.33","NO","true"
"","2023-09-30 00:00:00+00:00","MasterClass","2023-09-30 00:00:00+00:00","NO","0.33","NO","true"
"","2023-09-30 00:00:00+00:00","DayTwo","2023-09-30 00:00:00+00:00","NO","0.32","NO","true"
"","2023-09-30 00:00:00+00:00","Fortinet","2023-09-30 00:00:00+00:00","NO","0.32","NO","true"
"","2023-09-30 00:00:00+00:00","Talkdesk","2023-09-30 00:00:00+00:00","NO","0.32","NO","true"
"","2023-09-30 00:00:00+00:00","Guild","2023-09-30 00:00:00+00:00","NO","0.31","NO","true"
"","2023-09-30 00:00:00+00:00","Huma","2023-09-30 00:00:00+00:00","NO","0.3","NO","true"
"","2023-09-30 00:00:00+00:00","Dropbox","2023-09-30 00:00:00+00:00","NO","0.3","NO","true"
"","2023-09-30 00:00:00+00:00","Tier Mobility","2023-09-30 00:00:00+00:00","YES","0.29","NO","false"
"","2023-09-30 00:00:00+00:00","Poshmark","2023-09-30 00:00:00+00:00","NO","0.29","NO","true"
"","2023-09-30 00:00:00+00:00","Unity","2023-09-30 00:00:00+00:00","YES","0.29","NO","false"
"","2023-09-30 00:00:00+00:00","Atlassian","2023-09-30 00:00:00+00:00","NO","0.28","NO","true"
"","2023-09-30 00:00:00+00:00","Carbon Health","2023-09-30 00:00:00+00:00","YES","0.28","NO","false"
"","2023-09-30 00:00:00+00:00","VerSe Innovation","2023-09-30 00:00:00+00:00","NO","0.26","NO","true"
"","2023-09-30 00:00:00+00:00","Ruangguru","2023-09-30 00:00:00+00:00","NO","0.26","NO","true"
"","2023-09-30 00:00:00+00:00","Point","2023-09-30 00:00:00+00:00","NO","0.25","NO","true"
"","2023-09-30 00:00:00+00:00","Evolve","2023-09-30 00:00:00+00:00","NO","0.24","NO","true"
"","2023-09-30 00:00:00+00:00","Splunk","2023-09-30 00:00:00+00:00","YES","0.22","NO","false"
"","2023-09-30 00:00:00+00:00","Finastra","2023-09-30 00:00:00+00:00","NO","0.21","NO","true"
"","2023-09-30 00:00:00+00:00","Candor Technology","2023-09-30 00:00:00+00:00","NO","0.21","NO","true"
"","2023-09-30 00:00:00+00:00","Pluralsight","2023-09-30 00:00:00+00:00","NO","0.21","NO","true"
"","2023-09-30 00:00:00+00:00","Oracle","2023-09-30 00:00:00+00:00","NO","0.2","NO","true"
"","2023-09-30 00:00:00+00:00","Outbrain","2023-09-30 00:00:00+00:00","NO","0.2","NO","true"
"","2023-09-30 00:00:00+00:00","Brightcove","2023-09-30 00:00:00+00:00","NO","0.19","NO","true"
"","2023-09-30 00:00:00+00:00","Route","2023-09-30 00:00:00+00:00","NO","0.18","NO","true"
"","2023-09-30 00:00:00+00:00","Pico Interactive","2023-09-30 00:00:00+00:00","YES","0.18","NO","false"
"","2023-09-30 00:00:00+00:00","Veeam","2023-09-30 00:00:00+00:00","NO","0.18","NO","true"
"","2023-09-30 00:00:00+00:00","Workhuman","2023-09-30 00:00:00+00:00","NO","0.18","NO","true"
"","2023-09-30 00:00:00+00:00","BlackLine","2023-09-30 00:00:00+00:00","NO","0.17","NO","true"
"","2023-09-30 00:00:00+00:00","Zillow","2023-09-30 00:00:00+00:00","YES","0.16","NO","false"
"","2023-09-30 00:00:00+00:00","Uniphore","2023-09-30 00:00:00+00:00","NO","0.16","NO","true"
"","2023-09-30 00:00:00+00:00","Relativity","2023-09-30 00:00:00+00:00","NO","0.15","NO","true"
"","2023-09-30 00:00:00+00:00","Aiven","2023-09-30 00:00:00+00:00","NO","0.15","NO","true"
"","2023-09-30 00:00:00+00:00","Reach","2023-09-30 00:00:00+00:00","NO","0.15","NO","true"
"","2023-09-30 00:00:00+00:00","Netlify","2023-09-30 00:00:00+00:00","NO","0.14","NO","true"
"","2023-09-30 00:00:00+00:00","Ualá","2023-09-30 00:00:00+00:00","NO","0.14","NO","true"
"","2023-09-30 00:00:00+00:00","Plex","2023-09-30 00:00:00+00:00","NO","0.13","NO","true"
"","2023-09-30 00:00:00+00:00","Autobooks","2023-09-30 00:00:00+00:00","NO","0.13","NO","true"
"","2023-09-30 00:00:00+00:00","Electric","2023-09-30 00:00:00+00:00","NO","0.13","NO","true"
"","2023-09-30 00:00:00+00:00","Shopify","2023-09-30 00:00:00+00:00","NO","0.13","NO","true"
"","2023-09-30 00:00:00+00:00","ApplyBoard","2023-09-30 00:00:00+00:00","NO","0.12","NO","true"
"","2023-09-30 00:00:00+00:00","Emitwise","2023-09-30 00:00:00+00:00","NO","0.12","NO","true"
"","2023-09-30 00:00:00+00:00","Verbit","2023-09-30 00:00:00+00:00","NO","0.12","NO","true"
"","2023-09-30 00:00:00+00:00","Blend","2023-09-30 00:00:00+00:00","NO","0.12","NO","true"
"","2023-09-30 00:00:00+00:00","Zepz","2023-09-30 00:00:00+00:00","YES","0.12","NO","false"
"","2023-09-30 00:00:00+00:00","Viasat","2023-09-30 00:00:00+00:00","YES","0.11","NO","false"
"","2023-09-30 00:00:00+00:00","Gloat","2023-09-30 00:00:00+00:00","NO","0.11","NO","true"
"","2023-09-30 00:00:00+00:00","Twiga","2023-09-30 00:00:00+00:00","NO","0.11","NO","true"
"","2023-09-30 00:00:00+00:00","Drizly","2023-09-30 00:00:00+00:00","NO","0.11","NO","true"
"","2023-09-30 00:00:00+00:00","Coda","2023-09-30 00:00:00+00:00","NO","0.11","NO","true"
"","2023-09-30 00:00:00+00:00","Carta","2023-09-30 00:00:00+00:00","YES","0.11","NO","false"
"","2023-09-30 00:00:00+00:00","Freshly","2023-09-30 00:00:00+00:00","NO","0.1","NO","true"
"","2023-09-30 00:00:00+00:00","Illumina","2023-09-30 00:00:00+00:00","NO","0.1","NO","true"
"","2023-09-30 00:00:00+00:00","MediBuddy","2023-09-30 00:00:00+00:00","NO","0.09","NO","true"
"","2023-09-30 00:00:00+00:00","Hoxhunt","2023-09-30 00:00:00+00:00","NO","0.09","NO","true"
"","2023-09-30 00:00:00+00:00","Increff","2023-09-30 00:00:00+00:00","NO","0.09","NO","true"
"","2023-09-30 00:00:00+00:00","Ola","2023-09-30 00:00:00+00:00","NO","0.09","NO","true"
"","2023-09-30 00:00:00+00:00","Playtika","2023-09-30 00:00:00+00:00","NO","0.08","NO","true"
"","2023-09-30 00:00:00+00:00","Calibrate","2023-09-30 00:00:00+00:00","NO","0.08","NO","true"
"","2023-09-30 00:00:00+00:00","Jumio","2023-09-30 00:00:00+00:00","NO","0.08","NO","true"
"","2023-09-30 00:00:00+00:00","PacketFabric","2023-09-30 00:00:00+00:00","NO","0.08","NO","true"
"","2023-09-30 00:00:00+00:00","TytoCare","2023-09-30 00:00:00+00:00","NO","0.07","NO","true"
"","2023-09-30 00:00:00+00:00","SAS","2023-09-30 00:00:00+00:00","NO","0.07","NO","true"
"","2023-09-30 00:00:00+00:00","Dell","2023-09-30 00:00:00+00:00","NO","0.07","NO","true"
"","2023-09-30 00:00:00+00:00","Meesho","2023-09-30 00:00:00+00:00","NO","0.07","NO","true"
"","2023-09-30 00:00:00+00:00","Ethos Life","2023-09-30 00:00:00+00:00","NO","0.07","NO","true"
"","2023-09-30 00:00:00+00:00","Observe.AI","2023-09-30 00:00:00+00:00","NO","0.07","NO","true"
"","2023-09-30 00:00:00+00:00","IBM","2023-09-30 00:00:00+00:00","NO","0.06","NO","true"
"","2023-09-30 00:00:00+00:00","PagBank","2023-09-30 00:00:00+00:00","NO","0.06","NO","true"
"","2023-09-30 00:00:00+00:00","Morning Consult","2023-09-30 00:00:00+00:00","NO","0.06","NO","true"
"","2023-09-30 00:00:00+00:00","Built Technologies","2023-09-30 00:00:00+00:00","NO","0.06","NO","true"
"","2023-09-30 00:00:00+00:00","Glovo","2023-09-30 00:00:00+00:00","NO","0.06","NO","true"
"","2023-09-30 00:00:00+00:00","Peloton","2023-09-30 00:00:00+00:00","NO","0.06","NO","true"
"","2023-09-30 00:00:00+00:00","Yotpo","2023-09-30 00:00:00+00:00","NO","0.06","NO","true"
"","2023-09-30 00:00:00+00:00","MariaDB","2023-09-30 00:00:00+00:00","YES","0.05","NO","false"
"","2023-09-30 00:00:00+00:00","SiriusXM","2023-09-30 00:00:00+00:00","NO","0.05","NO","true"
"","2023-09-30 00:00:00+00:00","Zalando","2023-09-30 00:00:00+00:00","NO","0.05","NO","true"
"","2023-09-30 00:00:00+00:00","Synopsys","2023-09-30 00:00:00+00:00","NO","0.05","NO","true"
"","2023-09-30 00:00:00+00:00","Redfin","2023-09-30 00:00:00+00:00","NO","0.05","NO","true"
"","2023-09-30 00:00:00+00:00","GAMURS Group","2023-09-30 00:00:00+00:00","NO","0.05","NO","true"
"","2023-09-30 00:00:00+00:00","Myntra","2023-09-30 00:00:00+00:00","NO","0.05","NO","true"
"","2023-09-30 00:00:00+00:00","Clearbit","2023-09-30 00:00:00+00:00","NO","0.05","NO","true"
"","2023-09-30 00:00:00+00:00","Nearmap","2023-09-30 00:00:00+00:00","NO","0.05","NO","true"
"","2023-09-30 00:00:00+00:00","Motional","2023-09-30 00:00:00+00:00","NO","0.04","NO","true"
"","2023-09-30 00:00:00+00:00","Offerpad","2023-09-30 00:00:00+00:00","NO","0.04","NO","true"
"","2023-09-30 00:00:00+00:00","Atlas","2023-09-30 00:00:00+00:00","NO","0.04","NO","true"
"","2023-09-30 00:00:00+00:00","Flatiron Health","2023-09-30 00:00:00+00:00","NO","0.04","NO","true"
"","2023-09-30 00:00:00+00:00","JOIN","2023-09-30 00:00:00+00:00","NO","0.04","NO","true"
"","2023-09-30 00:00:00+00:00","Okta","2023-09-30 00:00:00+00:00","NO","0.04","NO","true"
"","2023-09-30 00:00:00+00:00","Truckstop.com","2023-09-30 00:00:00+00:00","NO","0.04","NO","true"
"","2023-09-30 00:00:00+00:00","ResearchGate","2023-09-30 00:00:00+00:00","NO","0.04","NO","true"
"","2023-09-30 00:00:00+00:00","Saarthi.ai","2023-09-30 00:00:00+00:00","NO","0.04","NO","true"
"","2023-09-30 00:00:00+00:00","Studio","2023-09-30 00:00:00+00:00","NO","0.04","NO","true"
"","2023-09-30 00:00:00+00:00","FutureLearn","2023-09-30 00:00:00+00:00","NO","0.04","NO","true"
"","2023-09-30 00:00:00+00:00","Zywave","2023-09-30 00:00:00+00:00","NO","0.04","NO","true"
"","2023-09-30 00:00:00+00:00","Pegasystems","2023-09-30 00:00:00+00:00","NO","0.04","NO","true"
"","2023-09-30 00:00:00+00:00","Integrate","2023-09-30 00:00:00+00:00","NO","0.04","NO","true"
"","2023-09-30 00:00:00+00:00","AEye","2023-09-30 00:00:00+00:00","NO","0.04","NO","true"
"","2023-09-30 00:00:00+00:00","GitHub","2023-09-30 00:00:00+00:00","NO","0.04","NO","true"
"","2023-09-30 00:00:00+00:00","Captain Fresh ","2023-09-30 00:00:00+00:00","NO","0.04","NO","true"
"","2023-09-30 00:00:00+00:00","Coupa","2023-09-30 00:00:00+00:00","NO","0.04","NO","true"
"","2023-09-30 00:00:00+00:00","FNZ","2023-09-30 00:00:00+00:00","NO","0.04","NO","true"
"","2023-09-30 00:00:00+00:00","Kavak","2023-09-30 00:00:00+00:00","NO","0.04","NO","true"
"","2023-09-30 00:00:00+00:00","Compass","2023-09-30 00:00:00+00:00","NO","0.04","NO","true"
"","2023-09-30 00:00:00+00:00","Oyster","2023-09-30 00:00:00+00:00","NO","0.04","NO","true"
"","2023-09-30 00:00:00+00:00","Nuance Communications","2023-09-30 00:00:00+00:00","NO","0.04","NO","true"
"","2023-09-30 00:00:00+00:00","TikTok","2023-09-30 00:00:00+00:00","NO","0.04","NO","true"
"","2023-09-30 00:00:00+00:00","Menulog","2023-09-30 00:00:00+00:00","NO","0.04","NO","true"
"","2023-09-30 00:00:00+00:00","123Milhas","2023-09-30 00:00:00+00:00","NO","0.04","NO","true"
"","2023-09-30 00:00:00+00:00","Quillt","2023-09-30 00:00:00+00:00","NO","0.04","NO","true"
"","2023-09-30 00:00:00+00:00","Juniper","2023-09-30 00:00:00+00:00","NO","0.04","NO","true"
"","2023-09-30 00:00:00+00:00","Moladin","2023-09-30 00:00:00+00:00","NO","0.04","NO","true"
"","2023-09-30 00:00:00+00:00","The Meet Group","2023-09-30 00:00:00+00:00","NO","0.04","NO","true"
"","2023-09-30 00:00:00+00:00","TuSimple","2023-09-30 00:00:00+00:00","YES","0.04","NO","false"
"","2023-09-30 00:00:00+00:00","Adaptive Biotechnologies","2023-09-30 00:00:00+00:00","NO","0.03","NO","true"
"","2023-09-30 00:00:00+00:00","Amperity","2023-09-30 00:00:00+00:00","NO","0.03","NO","true"
"","2023-09-30 00:00:00+00:00","Masse","2023-09-30 00:00:00+00:00","NO","0.03","NO","true"
"","2023-09-30 00:00:00+00:00","OKCredit","2023-09-30 00:00:00+00:00","NO","0.03","NO","true"
"","2023-09-30 00:00:00+00:00","OpenX","2023-09-30 00:00:00+00:00","NO","0.03","NO","true"
"","2023-09-30 00:00:00+00:00","Validity","2023-09-30 00:00:00+00:00","NO","0.03","NO","true"
"","2023-09-30 00:00:00+00:00","Afterverse","2023-09-30 00:00:00+00:00","NO","0.03","NO","true"
"","2023-09-30 00:00:00+00:00","Doximity","2023-09-30 00:00:00+00:00","NO","0.03","NO","true"
"","2023-09-30 00:00:00+00:00","Oh My Green","2023-09-30 00:00:00+00:00","NO","0.03","NO","true"
"","2023-09-30 00:00:00+00:00","Sage Therapeutics","2023-09-30 00:00:00+00:00","NO","0.03","NO","true"
"","2023-09-30 00:00:00+00:00","Simple","2023-09-30 00:00:00+00:00","NO","0.03","NO","true"
"","2023-09-30 00:00:00+00:00","Skyscanner","2023-09-30 00:00:00+00:00","NO","0.03","NO","true"
"","2023-09-30 00:00:00+00:00","Stedi","2023-09-30 00:00:00+00:00","NO","0.03","NO","true"
"","2023-09-30 00:00:00+00:00","TextNow","2023-09-30 00:00:00+00:00","NO","0.03","NO","true"
"","2023-09-30 00:00:00+00:00","Tripbam","2023-09-30 00:00:00+00:00","NO","0.03","NO","true"
"","2023-09-30 00:00:00+00:00","Zenjob","2023-09-30 00:00:00+00:00","NO","0.03","NO","true"
"","2023-09-30 00:00:00+00:00","Frubana","2023-09-30 00:00:00+00:00","NO","0.03","NO","true"
"","2023-09-30 00:00:00+00:00","Parsable","2023-09-30 00:00:00+00:00","NO","0.03","NO","true"
"","2023-09-30 00:00:00+00:00","BlueStacks","2023-09-30 00:00:00+00:00","NO","0.03","NO","true"
"","2023-09-30 00:00:00+00:00","Elliptic","2023-09-30 00:00:00+00:00","NO","0.03","NO","true"
"","2023-09-30 00:00:00+00:00","Kitty Hawk","2023-09-30 00:00:00+00:00","NO","0.03","NO","true"
"","2023-09-30 00:00:00+00:00","Labster","2023-09-30 00:00:00+00:00","NO","0.03","NO","true"
"","2023-09-30 00:00:00+00:00","Modsy","2023-09-30 00:00:00+00:00","NO","0.03","NO","true"
"","2023-09-30 00:00:00+00:00","Netflix","2023-09-30 00:00:00+00:00","NO","0.03","NO","true"
"","2023-09-30 00:00:00+00:00","RainFocus","2023-09-30 00:00:00+00:00","NO","0.03","NO","true"
"","2023-09-30 00:00:00+00:00","SAP","2023-09-30 00:00:00+00:00","NO","0.03","NO","true"
"","2023-09-30 00:00:00+00:00","Zilingo","2023-09-30 00:00:00+00:00","NO","0.03","NO","true"
"","2023-09-30 00:00:00+00:00","Airtime","2023-09-30 00:00:00+00:00","NO","0.03","NO","true"
"","2023-09-30 00:00:00+00:00","Crehana","2023-09-30 00:00:00+00:00","NO","0.03","NO","true"
"","2023-09-30 00:00:00+00:00","FamPay","2023-09-30 00:00:00+00:00","NO","0.03","NO","true"
"","2023-09-30 00:00:00+00:00","Handshake","2023-09-30 00:00:00+00:00","NO","0.03","NO","true"
"","2023-09-30 00:00:00+00:00","Nav","2023-09-30 00:00:00+00:00","NO","0.03","NO","true"
"","2023-09-30 00:00:00+00:00","Patreon","2023-09-30 00:00:00+00:00","NO","0.03","NO","true"
"","2023-09-30 00:00:00+00:00","Stashaway","2023-09-30 00:00:00+00:00","NO","0.03","NO","true"
"","2023-09-30 00:00:00+00:00","The Wing","2023-09-30 00:00:00+00:00","NO","0.03","NO","true"
"","2023-09-30 00:00:00+00:00","HashiCorp","2023-09-30 00:00:00+00:00","NO","0.03","NO","true"
"","2023-09-30 00:00:00+00:00","Big Fish Games","2023-09-30 00:00:00+00:00","NO","0.03","NO","true"
"","2023-09-30 00:00:00+00:00","Brainbase","2023-09-30 00:00:00+00:00","NO","0.03","NO","true"
"","2023-09-30 00:00:00+00:00","Datera","2023-09-30 00:00:00+00:00","NO","0.03","NO","true"
"","2023-09-30 00:00:00+00:00","HubHaus","2023-09-30 00:00:00+00:00","NO","0.03","NO","true"
"","2023-09-30 00:00:00+00:00","The Modist","2023-09-30 00:00:00+00:00","NO","0.03","NO","true"
"","2023-09-30 00:00:00+00:00","Zymergen ","2023-09-30 00:00:00+00:00","NO","0.03","NO","true"
"","2023-09-30 00:00:00+00:00","Candidate Labs","2023-09-30 00:00:00+00:00","NO","0.03","NO","true"
"","2023-09-30 00:00:00+00:00","ID.me","2023-09-30 00:00:00+00:00","NO","0.03","NO","true"
"","2023-09-30 00:00:00+00:00","WhyHotel","2023-09-30 00:00:00+00:00","NO","0.03","NO","true"
"","2023-09-30 00:00:00+00:00","FullStory","2023-09-30 00:00:00+00:00","NO","0.03","NO","true"
"","2023-09-30 00:00:00+00:00","Trustly","2023-09-30 00:00:00+00:00","NO","0.03","NO","true"
"","2023-09-30 00:00:00+00:00","Colossus","2023-09-30 00:00:00+00:00","NO","0.03","NO","true"
"","2023-09-30 00:00:00+00:00","Migo","2023-09-30 00:00:00+00:00","NO","0.03","NO","true"
"","2023-09-30 00:00:00+00:00","Shef","2023-09-30 00:00:00+00:00","NO","0.03","NO","true"
"","2023-09-30 00:00:00+00:00","Una Brands","2023-09-30 00:00:00+00:00","NO","0.03","NO","true"
"","2023-09-30 00:00:00+00:00","Daniel Wellington","2023-09-30 00:00:00+00:00","NO","0.03","NO","true"
"","2023-09-30 00:00:00+00:00","RealSelf","2023-09-30 00:00:00+00:00","NO","0.03","NO","true"
"","2023-09-30 00:00:00+00:00","SkySlope","2023-09-30 00:00:00+00:00","NO","0.03","NO","true"
"","2023-09-30 00:00:00+00:00","Snagajob","2023-09-30 00:00:00+00:00","NO","0.03","NO","true"
"","2023-09-30 00:00:00+00:00","Zepto","2023-09-30 00:00:00+00:00","NO","0.03","NO","true"
"","2023-09-30 00:00:00+00:00","Overtime","2023-09-30 00:00:00+00:00","NO","0.03","NO","true"
"","2023-09-30 00:00:00+00:00","Transfix","2023-09-30 00:00:00+00:00","NO","0.03","NO","true"
"","2023-09-30 00:00:00+00:00","Universal Standard","2023-09-30 00:00:00+00:00","NO","0.03","NO","true"
"","2023-09-30 00:00:00+00:00","Baton","2023-09-30 00:00:00+00:00","NO","0.03","NO","true"
"","2023-09-30 00:00:00+00:00","BitOasis","2023-09-30 00:00:00+00:00","NO","0.03","NO","true"
"","2023-09-30 00:00:00+00:00","Clearco","2023-09-30 00:00:00+00:00","NO","0.03","NO","true"
"","2023-09-30 00:00:00+00:00","Lusha","2023-09-30 00:00:00+00:00","NO","0.03","NO","true"
"","2023-09-30 00:00:00+00:00","Rubicon Project","2023-09-30 00:00:00+00:00","NO","0.03","NO","true"
"","2023-09-30 00:00:00+00:00","Tamara Mellon","2023-09-30 00:00:00+00:00","NO","0.03","NO","true"
"","2023-09-30 00:00:00+00:00","ClassPass","2023-09-30 00:00:00+00:00","NO","0.03","NO","true"
"","2023-09-30 00:00:00+00:00","FuboTV","2023-09-30 00:00:00+00:00","NO","0.03","NO","true"
"","2023-09-30 00:00:00+00:00","Industrious","2023-09-30 00:00:00+00:00","NO","0.03","NO","true"
"","2023-09-30 00:00:00+00:00","Lawgeex","2023-09-30 00:00:00+00:00","NO","0.03","NO","true"
"","2023-09-30 00:00:00+00:00","Loggi","2023-09-30 00:00:00+00:00","NO","0.03","NO","true"
"","2023-09-30 00:00:00+00:00","O'Reilly Media","2023-09-30 00:00:00+00:00","NO","0.03","NO","true"
"","2023-09-30 00:00:00+00:00","ShipBob","2023-09-30 00:00:00+00:00","NO","0.03","NO","true"
"","2023-09-30 00:00:00+00:00","Wave Sports and Entertainment","2023-09-30 00:00:00+00:00","NO","0.03","NO","true"
"","2023-09-30 00:00:00+00:00","WeDoctor","2023-09-30 00:00:00+00:00","NO","0.03","NO","true"
"","2023-09-30 00:00:00+00:00","Omie","2023-09-30 00:00:00+00:00","NO","0.03","NO","true"
"","2023-09-30 00:00:00+00:00","Compete","2023-09-30 00:00:00+00:00","NO","0.03","NO","true"
"","2023-09-30 00:00:00+00:00","LiveTiles","2023-09-30 00:00:00+00:00","NO","0.03","NO","true"
"","2023-09-30 00:00:00+00:00","TripActions","2023-09-30 00:00:00+00:00","NO","0.03","NO","true"
"","2023-09-30 00:00:00+00:00","Unbounce","2023-09-30 00:00:00+00:00","NO","0.03","NO","true"
"","2023-09-30 00:00:00+00:00","Aspire","2023-09-30 00:00:00+00:00","NO","0.03","NO","true"
"","2023-09-30 00:00:00+00:00","Daily Harvest","2023-09-30 00:00:00+00:00","NO","0.03","NO","true"
"","2023-09-30 00:00:00+00:00","HuffPo","2023-09-30 00:00:00+00:00","NO","0.03","NO","true"
"","2023-09-30 00:00:00+00:00","Imperfect Foods","2023-09-30 00:00:00+00:00","NO","0.03","NO","true"
"","2023-09-30 00:00:00+00:00","Intuit","2023-09-30 00:00:00+00:00","NO","0.03","NO","true"
"","2023-09-30 00:00:00+00:00","Nomad","2023-09-30 00:00:00+00:00","NO","0.03","NO","true"
"","2023-09-30 00:00:00+00:00","Shipsi","2023-09-30 00:00:00+00:00","NO","0.03","NO","true"
"","2023-09-30 00:00:00+00:00","StockX","2023-09-30 00:00:00+00:00","NO","0.03","NO","true"
"","2023-09-30 00:00:00+00:00","Trell","2023-09-30 00:00:00+00:00","NO","0.03","NO","true"
"","2023-09-30 00:00:00+00:00","Plato","2023-09-30 00:00:00+00:00","NO","0.03","NO","true"
"","2023-09-30 00:00:00+00:00","Sweetgreen","2023-09-30 00:00:00+00:00","NO","0.03","NO","true"
"","2023-09-30 00:00:00+00:00","WeFit","2023-09-30 00:00:00+00:00","NO","0.03","NO","true"
"","2023-09-30 00:00:00+00:00","Eight Sleep","2023-09-30 00:00:00+00:00","NO","0.03","NO","true"
"","2023-09-30 00:00:00+00:00","Article","2023-09-30 00:00:00+00:00","NO","0.03","NO","true"
"","2023-09-30 00:00:00+00:00","Curefit","2023-09-30 00:00:00+00:00","NO","0.03","NO","true"
"","2023-09-30 00:00:00+00:00","Eucalyptus","2023-09-30 00:00:00+00:00","NO","0.03","NO","true"
"","2023-09-30 00:00:00+00:00","Front","2023-09-30 00:00:00+00:00","NO","0.03","NO","true"
"","2023-09-30 00:00:00+00:00","ezCater","2023-09-30 00:00:00+00:00","NO","0.03","NO","true"
"","2023-09-30 00:00:00+00:00","Bird","2023-09-30 00:00:00+00:00","YES","0.03","NO","false"
"","2023-09-30 00:00:00+00:00","Kazoo","2023-09-30 00:00:00+00:00","NO","0.03","NO","true"
"","2023-09-30 00:00:00+00:00","Lastline","2023-09-30 00:00:00+00:00","NO","0.03","NO","true"
"","2023-09-30 00:00:00+00:00","Oye Rickshaw","2023-09-30 00:00:00+00:00","NO","0.03","NO","true"
"","2023-09-30 00:00:00+00:00","QuintoAndar","2023-09-30 00:00:00+00:00","NO","0.03","NO","true"
"","2023-09-30 00:00:00+00:00","Bright Money","2023-09-30 00:00:00+00:00","NO","0.03","NO","true"
"","2023-09-30 00:00:00+00:00","Iflix","2023-09-30 00:00:00+00:00","NO","0.03","NO","true"
"","2023-09-30 00:00:00+00:00","Mindgeek","2023-09-30 00:00:00+00:00","NO","0.03","NO","true"
"","2023-09-30 00:00:00+00:00","Solarisbank","2023-09-30 00:00:00+00:00","YES","0.03","NO","false"
"","2023-09-30 00:00:00+00:00","Thirty Madison","2023-09-30 00:00:00+00:00","NO","0.03","NO","true"
"","2023-09-30 00:00:00+00:00","Toast","2023-09-30 00:00:00+00:00","NO","0.03","NO","true"
"","2023-09-30 00:00:00+00:00","Truck It In","2023-09-30 00:00:00+00:00","NO","0.03","NO","true"
"","2023-09-30 00:00:00+00:00","Cloudera","2023-09-30 00:00:00+00:00","NO","0.03","NO","true"
"","2023-09-30 00:00:00+00:00","Datto","2023-09-30 00:00:00+00:00","NO","0.03","NO","true"
"","2023-09-30 00:00:00+00:00","Dispatch","2023-09-30 00:00:00+00:00","NO","0.03","NO","true"
"","2023-09-30 00:00:00+00:00","GoSpotCheck","2023-09-30 00:00:00+00:00","NO","0.03","NO","true"
"","2023-09-30 00:00:00+00:00","Impact.com","2023-09-30 00:00:00+00:00","NO","0.03","NO","true"
"","2023-09-30 00:00:00+00:00","Zerto","2023-09-30 00:00:00+00:00","NO","0.03","NO","true"
"","2023-09-30 00:00:00+00:00","CommentSold","2023-09-30 00:00:00+00:00","NO","0.03","NO","true"
"","2023-09-30 00:00:00+00:00","Eden / Managed By Q","2023-09-30 00:00:00+00:00","NO","0.03","NO","true"
"","2023-09-30 00:00:00+00:00","Liv Up","2023-09-30 00:00:00+00:00","NO","0.03","NO","true"
"","2023-09-30 00:00:00+00:00","Magicbricks","2023-09-30 00:00:00+00:00","NO","0.03","NO","true"
"","2023-09-30 00:00:00+00:00","Monese","2023-09-30 00:00:00+00:00","NO","0.03","NO","true"
"","2023-09-30 00:00:00+00:00","Opencare","2023-09-30 00:00:00+00:00","NO","0.03","NO","true"
"","2023-09-30 00:00:00+00:00","Pollen","2023-09-30 00:00:00+00:00","NO","0.03","NO","true"
"","2023-09-30 00:00:00+00:00","Popin","2023-09-30 00:00:00+00:00","NO","0.03","NO","true"
"","2023-09-30 00:00:00+00:00","Tufin","2023-09-30 00:00:00+00:00","NO","0.03","NO","true"
"","2023-09-30 00:00:00+00:00","Celsius","2023-09-30 00:00:00+00:00","NO","0.03","NO","true"
"","2023-09-30 00:00:00+00:00","Gorillas","2023-09-30 00:00:00+00:00","NO","0.03","NO","true"
"","2023-09-30 00:00:00+00:00","Kongregate","2023-09-30 00:00:00+00:00","NO","0.03","NO","true"
"","2023-09-30 00:00:00+00:00","Levelset","2023-09-30 00:00:00+00:00","NO","0.03","NO","true"
"","2023-09-30 00:00:00+00:00","Superhuman","2023-09-30 00:00:00+00:00","NO","0.03","NO","true"
"","2023-09-30 00:00:00+00:00","Aqgromalin","2023-09-30 00:00:00+00:00","NO","0.03","NO","true"
"","2023-09-30 00:00:00+00:00","Capillary","2023-09-30 00:00:00+00:00","NO","0.03","NO","true"
"","2023-09-30 00:00:00+00:00","Snap Finance","2023-09-30 00:00:00+00:00","NO","0.03","NO","true"
"","2023-09-30 00:00:00+00:00","uShip","2023-09-30 00:00:00+00:00","NO","0.03","NO","true"
"","2023-09-30 00:00:00+00:00","Bizongo","2023-09-30 00:00:00+00:00","YES","0.03","NO","false"
"","2023-09-30 00:00:00+00:00","Blueground","2023-09-30 00:00:00+00:00","NO","0.03","NO","true"
"","2023-09-30 00:00:00+00:00","Dotscience","2023-09-30 00:00:00+00:00","NO","0.03","NO","true"
"","2023-09-30 00:00:00+00:00","Mixpanel","2023-09-30 00:00:00+00:00","NO","0.03","NO","true"
"","2023-09-30 00:00:00+00:00","Perion","2023-09-30 00:00:00+00:00","NO","0.03","NO","true"
"","2023-09-30 00:00:00+00:00","Pitch","2023-09-30 00:00:00+00:00","NO","0.03","NO","true"
"","2023-09-30 00:00:00+00:00","Blume Global","2023-09-30 00:00:00+00:00","NO","0.03","NO","true"
"","2023-09-30 00:00:00+00:00","Pesto","2023-09-30 00:00:00+00:00","NO","0.03","NO","true"
"","2023-09-30 00:00:00+00:00","Remote Year","2023-09-30 00:00:00+00:00","NO","0.03","NO","true"
"","2023-09-30 00:00:00+00:00","Sojern","2023-09-30 00:00:00+00:00","YES","0.03","NO","false"
"","2023-09-30 00:00:00+00:00","TomTom","2023-09-30 00:00:00+00:00","YES","0.03","NO","false"
"","2023-09-30 00:00:00+00:00","GumGum","2023-09-30 00:00:00+00:00","NO","0.03","NO","true"
"","2023-09-30 00:00:00+00:00","InVision","2023-09-30 00:00:00+00:00","NO","0.03","NO","true"
"","2023-09-30 00:00:00+00:00","Opal","2023-09-30 00:00:00+00:00","NO","0.03","NO","true"
"","2023-09-30 00:00:00+00:00","RedDoorz","2023-09-30 00:00:00+00:00","NO","0.03","NO","true"
"","2023-09-30 00:00:00+00:00","SweetEscape","2023-09-30 00:00:00+00:00","NO","0.03","NO","true"
"","2023-09-30 00:00:00+00:00","Pear Therapeutics ","2023-09-30 00:00:00+00:00","NO","0.03","NO","true"
"","2023-09-30 00:00:00+00:00","SafeGraph","2023-09-30 00:00:00+00:00","NO","0.03","NO","true"
"","2023-09-30 00:00:00+00:00","Sourcegraph","2023-09-30 00:00:00+00:00","NO","0.03","NO","true"
"","2023-09-30 00:00:00+00:00","98point6","2023-09-30 00:00:00+00:00","NO","0.03","NO","true"
"","2023-09-30 00:00:00+00:00","Forma.ai","2023-09-30 00:00:00+00:00","NO","0.03","NO","true"
"","2023-09-30 00:00:00+00:00","FreshDirect","2023-09-30 00:00:00+00:00","NO","0.03","NO","true"
"","2023-09-30 00:00:00+00:00","Jetty","2023-09-30 00:00:00+00:00","NO","0.03","NO","true"
"","2023-09-30 00:00:00+00:00","LivePerson","2023-09-30 00:00:00+00:00","NO","0.03","NO","true"
"","2023-09-30 00:00:00+00:00","Spinny","2023-09-30 00:00:00+00:00","NO","0.03","NO","true"
"","2023-09-30 00:00:00+00:00","Bluprint","2023-09-30 00:00:00+00:00","NO","0.03","NO","true"
"","2023-09-30 00:00:00+00:00","Buy.com / Rakuten","2023-09-30 00:00:00+00:00","NO","0.03","NO","true"
"","2023-09-30 00:00:00+00:00","Grabango","2023-09-30 00:00:00+00:00","NO","0.03","NO","true"
"","2023-09-30 00:00:00+00:00","Jam City","2023-09-30 00:00:00+00:00","NO","0.03","NO","true"
"","2023-09-30 00:00:00+00:00","Vibrent Health","2023-09-30 00:00:00+00:00","NO","0.03","NO","true"
"","2023-09-30 00:00:00+00:00","AlayaCare","2023-09-30 00:00:00+00:00","NO","0.03","NO","true"
"","2023-09-30 00:00:00+00:00","Bizpay","2023-09-30 00:00:00+00:00","NO","0.03","NO","true"
"","2023-09-30 00:00:00+00:00","Bryter","2023-09-30 00:00:00+00:00","NO","0.03","NO","true"
"","2023-09-30 00:00:00+00:00","Element","2023-09-30 00:00:00+00:00","NO","0.03","NO","true"
"","2023-09-30 00:00:00+00:00","Flywheel Sports","2023-09-30 00:00:00+00:00","NO","0.03","NO","true"
"","2023-09-30 00:00:00+00:00","Magic Leap","2023-09-30 00:00:00+00:00","NO","0.03","NO","true"
"","2023-09-30 00:00:00+00:00","Memmo","2023-09-30 00:00:00+00:00","NO","0.03","NO","true"
"","2023-09-30 00:00:00+00:00","Rows","2023-09-30 00:00:00+00:00","NO","0.03","NO","true"
"","2023-09-30 00:00:00+00:00","Snap","2023-09-30 00:00:00+00:00","YES","0.03","NO","false"
"","2023-09-30 00:00:00+00:00","Catalant","2023-09-30 00:00:00+00:00","NO","0.03","NO","true"
"","2023-09-30 00:00:00+00:00","Coinsquare","2023-09-30 00:00:00+00:00","NO","0.03","NO","true"
"","2023-09-30 00:00:00+00:00","Currency","2023-09-30 00:00:00+00:00","NO","0.03","NO","true"
"","2023-09-30 00:00:00+00:00","Endowus","2023-09-30 00:00:00+00:00","NO","0.03","NO","true"
"","2023-09-30 00:00:00+00:00","Introhive","2023-09-30 00:00:00+00:00","NO","0.03","NO","true"
"","2023-09-30 00:00:00+00:00","MFine","2023-09-30 00:00:00+00:00","NO","0.03","NO","true"
"","2023-09-30 00:00:00+00:00","Mercos","2023-09-30 00:00:00+00:00","NO","0.03","NO","true"
"","2023-09-30 00:00:00+00:00","Superloop","2023-09-30 00:00:00+00:00","NO","0.03","NO","true"
"","2023-09-30 00:00:00+00:00","100 Thieves","2023-09-30 00:00:00+00:00","NO","0.03","NO","true"
"","2023-09-30 00:00:00+00:00","Dark","2023-09-30 00:00:00+00:00","NO","0.03","NO","true"
"","2023-09-30 00:00:00+00:00","Gather","2023-09-30 00:00:00+00:00","NO","0.03","NO","true"
"","2023-09-30 00:00:00+00:00","Hireology","2023-09-30 00:00:00+00:00","NO","0.03","NO","true"
"","2023-09-30 00:00:00+00:00","Quibi","2023-09-30 00:00:00+00:00","NO","0.03","NO","true"
"","2023-09-30 00:00:00+00:00","Reef","2023-09-30 00:00:00+00:00","NO","0.03","NO","true"
"","2023-09-30 00:00:00+00:00","SkipTheDishes","2023-09-30 00:00:00+00:00","NO","0.03","NO","true"
"","2023-09-30 00:00:00+00:00","Workstream","2023-09-30 00:00:00+00:00","NO","0.03","NO","true"
"","2023-09-30 00:00:00+00:00","Zum","2023-09-30 00:00:00+00:00","NO","0.03","NO","true"
"","2023-09-30 00:00:00+00:00","Cuyana","2023-09-30 00:00:00+00:00","NO","0.03","NO","true"
"","2023-09-30 00:00:00+00:00","Involves","2023-09-30 00:00:00+00:00","NO","0.03","NO","true"
"","2023-09-30 00:00:00+00:00","Karbon","2023-09-30 00:00:00+00:00","NO","0.03","NO","true"
"","2023-09-30 00:00:00+00:00","Konfio","2023-09-30 00:00:00+00:00","NO","0.03","NO","true"
"","2023-09-30 00:00:00+00:00","Segment","2023-09-30 00:00:00+00:00","NO","0.03","NO","true"
"","2023-09-30 00:00:00+00:00","When I Work","2023-09-30 00:00:00+00:00","NO","0.03","NO","true"
"","2023-09-30 00:00:00+00:00","Geekwire","2023-09-30 00:00:00+00:00","NO","0.03","NO","true"
"","2023-09-30 00:00:00+00:00","Ladder Life","2023-09-30 00:00:00+00:00","NO","0.03","NO","true"
"","2023-09-30 00:00:00+00:00","Lytics","2023-09-30 00:00:00+00:00","NO","0.03","NO","true"
"","2023-09-30 00:00:00+00:00","Automation Anywhere","2023-09-30 00:00:00+00:00","NO","0.03","NO","true"
"","2023-09-30 00:00:00+00:00","Drip","2023-09-30 00:00:00+00:00","NO","0.03","NO","true"
"","2023-09-30 00:00:00+00:00","GoHealth","2023-09-30 00:00:00+00:00","NO","0.03","NO","true"
"","2023-09-30 00:00:00+00:00","Branch Metrics","2023-09-30 00:00:00+00:00","NO","0.03","NO","true"
"","2023-09-30 00:00:00+00:00","HOOQ","2023-09-30 00:00:00+00:00","NO","0.03","NO","true"
"","2023-09-30 00:00:00+00:00","Instamojo","2023-09-30 00:00:00+00:00","NO","0.03","NO","true"
"","2023-09-30 00:00:00+00:00","Loftsmart","2023-09-30 00:00:00+00:00","NO","0.03","NO","true"
"","2023-09-30 00:00:00+00:00","Terminus","2023-09-30 00:00:00+00:00","NO","0.03","NO","true"
"","2023-09-30 00:00:00+00:00","Clinc","2023-09-30 00:00:00+00:00","NO","0.03","NO","true"
"","2023-09-30 00:00:00+00:00","Haus","2023-09-30 00:00:00+00:00","NO","0.03","NO","true"
"","2023-09-30 00:00:00+00:00","Oscar Health","2023-09-30 00:00:00+00:00","NO","0.03","NO","true"
"","2023-09-30 00:00:00+00:00","ThoughtSpot","2023-09-30 00:00:00+00:00","NO","0.03","NO","true"
"","2023-09-30 00:00:00+00:00","2TM","2023-09-30 00:00:00+00:00","NO","0.03","NO","true"
"","2023-09-30 00:00:00+00:00","Akerna","2023-09-30 00:00:00+00:00","NO","0.03","NO","true"
"","2023-09-30 00:00:00+00:00","AppGate","2023-09-30 00:00:00+00:00","NO","0.03","NO","true"
"","2023-09-30 00:00:00+00:00","Berlin Brands Group","2023-09-30 00:00:00+00:00","NO","0.03","NO","true"
"","2023-09-30 00:00:00+00:00","Dude Solutions","2023-09-30 00:00:00+00:00","NO","0.03","NO","true"
"","2023-09-30 00:00:00+00:00","Gatherly","2023-09-30 00:00:00+00:00","NO","0.03","NO","true"
"","2023-09-30 00:00:00+00:00","Lacework","2023-09-30 00:00:00+00:00","NO","0.03","NO","true"
"","2023-09-30 00:00:00+00:00","Pulse Secure","2023-09-30 00:00:00+00:00","NO","0.03","NO","true"
"","2023-09-30 00:00:00+00:00","Truiloo","2023-09-30 00:00:00+00:00","NO","0.03","NO","true"
"","2023-09-30 00:00:00+00:00","Woven","2023-09-30 00:00:00+00:00","NO","0.03","NO","true"
"","2023-09-30 00:00:00+00:00","AudioCodes","2023-09-30 00:00:00+00:00","NO","0.03","NO","true"
"","2023-09-30 00:00:00+00:00","Aya","2023-09-30 00:00:00+00:00","NO","0.03","NO","true"
"","2023-09-30 00:00:00+00:00","Cadre","2023-09-30 00:00:00+00:00","NO","0.03","NO","true"
"","2023-09-30 00:00:00+00:00","Coinbase","2023-09-30 00:00:00+00:00","NO","0.03","NO","true"
"","2023-09-30 00:00:00+00:00","Cvent","2023-09-30 00:00:00+00:00","NO","0.03","NO","true"
"","2023-09-30 00:00:00+00:00","Moovel","2023-09-30 00:00:00+00:00","NO","0.03","NO","true"
"","2023-09-30 00:00:00+00:00","Warren","2023-09-30 00:00:00+00:00","NO","0.03","NO","true"
"","2023-09-30 00:00:00+00:00","Cashfree Payments","2023-09-30 00:00:00+00:00","NO","0.03","NO","true"
"","2023-09-30 00:00:00+00:00","Hedvig","2023-09-30 00:00:00+00:00","NO","0.03","NO","true"
"","2023-09-30 00:00:00+00:00","SellerX","2023-09-30 00:00:00+00:00","NO","0.03","NO","true"
"","2023-09-30 00:00:00+00:00","Sprinklr","2023-09-30 00:00:00+00:00","NO","0.03","NO","true"
"","2023-09-30 00:00:00+00:00","Tally","2023-09-30 00:00:00+00:00","NO","0.03","NO","true"
"","2023-09-30 00:00:00+00:00","B8ta","2023-09-30 00:00:00+00:00","NO","0.03","NO","true"
"","2023-09-30 00:00:00+00:00","Boosted Commerce","2023-09-30 00:00:00+00:00","NO","0.03","NO","true"
"","2023-09-30 00:00:00+00:00","Divvy","2023-09-30 00:00:00+00:00","NO","0.03","NO","true"
"","2023-09-30 00:00:00+00:00","Flatiron School","2023-09-30 00:00:00+00:00","NO","0.03","NO","true"
"","2023-09-30 00:00:00+00:00","Meow Wolf","2023-09-30 00:00:00+00:00","YES","0.03","NO","false"
"","2023-09-30 00:00:00+00:00","Quandoo","2023-09-30 00:00:00+00:00","NO","0.03","NO","true"
"","2023-09-30 00:00:00+00:00","Simon Data","2023-09-30 00:00:00+00:00","NO","0.03","NO","true"
"","2023-09-30 00:00:00+00:00","Deputy","2023-09-30 00:00:00+00:00","NO","0.03","NO","true"
"","2023-09-30 00:00:00+00:00","Eatsy","2023-09-30 00:00:00+00:00","NO","0.03","NO","true"
"","2023-09-30 00:00:00+00:00","Quartz","2023-09-30 00:00:00+00:00","NO","0.03","NO","true"
"","2023-09-30 00:00:00+00:00","Sauce Labs","2023-09-30 00:00:00+00:00","NO","0.03","NO","true"
"","2023-09-30 00:00:00+00:00","Wave","2023-09-30 00:00:00+00:00","NO","0.03","NO","true"
"","2023-09-30 00:00:00+00:00","Give Legacy","2023-09-30 00:00:00+00:00","NO","0.03","NO","true"
"","2023-09-30 00:00:00+00:00","Hibob","2023-09-30 00:00:00+00:00","NO","0.03","NO","true"
"","2023-09-30 00:00:00+00:00","Syte","2023-09-30 00:00:00+00:00","NO","0.03","NO","true"
"","2023-09-30 00:00:00+00:00","Chessable","2023-09-30 00:00:00+00:00","NO","0.03","NO","true"
"","2023-09-30 00:00:00+00:00","Replicated","2023-09-30 00:00:00+00:00","NO","0.03","NO","true"
"","2023-09-30 00:00:00+00:00","Talent.com","2023-09-30 00:00:00+00:00","NO","0.03","NO","true"
"","2023-09-30 00:00:00+00:00","Intersect","2023-09-30 00:00:00+00:00","NO","0.03","NO","true"
"","2023-09-30 00:00:00+00:00","Outdoorsy","2023-09-30 00:00:00+00:00","NO","0.03","NO","true"
"","2023-09-30 00:00:00+00:00","PayU","2023-09-30 00:00:00+00:00","NO","0.03","NO","true"
"","2023-09-30 00:00:00+00:00","Pebblepost","2023-09-30 00:00:00+00:00","NO","0.03","NO","true"
"","2023-09-30 00:00:00+00:00","PowerReviews","2023-09-30 00:00:00+00:00","NO","0.03","NO","true"
"","2023-09-30 00:00:00+00:00","Sharethrough","2023-09-30 00:00:00+00:00","NO","0.03","NO","true"
"","2023-09-30 00:00:00+00:00","Automatic","2023-09-30 00:00:00+00:00","NO","0.03","NO","true"
"","2023-09-30 00:00:00+00:00","Group Nine Media","2023-09-30 00:00:00+00:00","NO","0.03","NO","true"
"","2023-09-30 00:00:00+00:00","Lighter Capital","2023-09-30 00:00:00+00:00","NO","0.03","NO","true"
"","2023-09-30 00:00:00+00:00","People.ai","2023-09-30 00:00:00+00:00","NO","0.03","NO","true"
"","2023-09-30 00:00:00+00:00","Stream","2023-09-30 00:00:00+00:00","NO","0.03","NO","true"
"","2023-09-30 00:00:00+00:00","Vesalius Therapeutics","2023-09-30 00:00:00+00:00","NO","0.03","NO","true"
"","2023-09-30 00:00:00+00:00","Ziroom","2023-09-30 00:00:00+00:00","NO","0.03","NO","true"
"","2023-09-30 00:00:00+00:00","Careem","2023-09-30 00:00:00+00:00","NO","0.03","NO","true"
"","2023-09-30 00:00:00+00:00","Rasa","2023-09-30 00:00:00+00:00","NO","0.03","NO","true"
"","2023-09-30 00:00:00+00:00","Unison","2023-09-30 00:00:00+00:00","NO","0.03","NO","true"
"","2023-09-30 00:00:00+00:00","BigBear.ai","2023-09-30 00:00:00+00:00","NO","0.03","NO","true"
"","2023-09-30 00:00:00+00:00","Eaze","2023-09-30 00:00:00+00:00","NO","0.03","NO","true"
"","2023-09-30 00:00:00+00:00","Peerspace","2023-09-30 00:00:00+00:00","NO","0.03","NO","true"
"","2023-09-30 00:00:00+00:00","Pocketmath","2023-09-30 00:00:00+00:00","NO","0.03","NO","true"
"","2023-09-30 00:00:00+00:00","Hippo Insurance","2023-09-30 00:00:00+00:00","YES","0.03","NO","false"
"","2023-09-30 00:00:00+00:00","Restaurant365","2023-09-30 00:00:00+00:00","NO","0.03","NO","true"
"","2023-09-30 00:00:00+00:00","ScaleFocus","2023-09-30 00:00:00+00:00","NO","0.03","NO","true"
"","2023-09-30 00:00:00+00:00","Capiter","2023-09-30 00:00:00+00:00","NO","0.03","NO","true"
"","2023-09-30 00:00:00+00:00","CodeCombat","2023-09-30 00:00:00+00:00","NO","0.03","NO","true"
"","2023-09-30 00:00:00+00:00","Redox","2023-09-30 00:00:00+00:00","NO","0.03","NO","true"
"","2023-09-30 00:00:00+00:00","Skai","2023-09-30 00:00:00+00:00","NO","0.03","NO","true"
"","2023-09-30 00:00:00+00:00","Substack","2023-09-30 00:00:00+00:00","NO","0.03","NO","true"
"","2023-09-30 00:00:00+00:00","Trivago","2023-09-30 00:00:00+00:00","NO","0.03","NO","true"
"","2023-09-30 00:00:00+00:00","Bridge Connector","2023-09-30 00:00:00+00:00","NO","0.03","NO","true"
"","2023-09-30 00:00:00+00:00","Coding Dojo","2023-09-30 00:00:00+00:00","NO","0.03","NO","true"
"","2023-09-30 00:00:00+00:00","DataStax","2023-09-30 00:00:00+00:00","NO","0.03","NO","true"
"","2023-09-30 00:00:00+00:00","GOAT Group","2023-09-30 00:00:00+00:00","NO","0.03","NO","true"
"","2023-09-30 00:00:00+00:00","OneWeb","2023-09-30 00:00:00+00:00","NO","0.03","NO","true"
"","2023-09-30 00:00:00+00:00","Panda Squad","2023-09-30 00:00:00+00:00","NO","0.03","NO","true"
"","2023-09-30 00:00:00+00:00","ScaleFactor","2023-09-30 00:00:00+00:00","NO","0.03","NO","true"
"","2023-09-30 00:00:00+00:00","Swyft","2023-09-30 00:00:00+00:00","NO","0.03","NO","true"
"","2023-09-30 00:00:00+00:00","Tesla","2023-09-30 00:00:00+00:00","NO","0.03","NO","true"
"","2023-09-30 00:00:00+00:00","Ajaib","2023-09-30 00:00:00+00:00","NO","0.03","NO","true"
"","2023-09-30 00:00:00+00:00","IronNet","2023-09-30 00:00:00+00:00","YES","0.03","NO","false"
"","2023-09-30 00:00:00+00:00","Project44","2023-09-30 00:00:00+00:00","NO","0.03","NO","true"
"","2023-09-30 00:00:00+00:00","AppLovin","2023-09-30 00:00:00+00:00","NO","0.03","NO","true"
"","2023-09-30 00:00:00+00:00","Berkeley Lights","2023-09-30 00:00:00+00:00","NO","0.03","NO","true"
"","2023-09-30 00:00:00+00:00","Juniper Square","2023-09-30 00:00:00+00:00","NO","0.03","NO","true"
"","2023-09-30 00:00:00+00:00","54gene","2023-09-30 00:00:00+00:00","NO","0.03","NO","true"
"","2023-09-30 00:00:00+00:00","KeepTruckin","2023-09-30 00:00:00+00:00","NO","0.03","NO","true"
"","2023-09-30 00:00:00+00:00","Meero","2023-09-30 00:00:00+00:00","NO","0.03","NO","true"
"","2023-09-30 00:00:00+00:00","Smarsh","2023-09-30 00:00:00+00:00","NO","0.03","NO","true"
"","2023-09-30 00:00:00+00:00","CityMall","2023-09-30 00:00:00+00:00","YES","0.03","NO","false"
"","2023-09-30 00:00:00+00:00","Daloopa","2023-09-30 00:00:00+00:00","NO","0.03","NO","true"
"","2023-09-30 00:00:00+00:00","Rubica","2023-09-30 00:00:00+00:00","NO","0.03","NO","true"
"","2023-09-30 00:00:00+00:00","Stint","2023-09-30 00:00:00+00:00","NO","0.03","NO","true"
"","2023-09-30 00:00:00+00:00","Bishop Fox","2023-09-30 00:00:00+00:00","NO","0.03","NO","true"
"","2023-09-30 00:00:00+00:00","Gavelytics","2023-09-30 00:00:00+00:00","NO","0.03","NO","true"
"","2023-09-30 00:00:00+00:00","OpenSea","2023-09-30 00:00:00+00:00","YES","0.03","NO","false"
"","2023-09-30 00:00:00+00:00","Care.com","2023-09-30 00:00:00+00:00","NO","0.03","NO","true"
"","2023-09-30 00:00:00+00:00","Finite State","2023-09-30 00:00:00+00:00","NO","0.03","NO","true"
"","2023-09-30 00:00:00+00:00","Gympass","2023-09-30 00:00:00+00:00","NO","0.03","NO","true"
"","2023-09-30 00:00:00+00:00","Innovaccer","2023-09-30 00:00:00+00:00","NO","0.03","NO","true"
"","2023-09-30 00:00:00+00:00","Kune","2023-09-30 00:00:00+00:00","NO","0.03","NO","true"
"","2023-09-30 00:00:00+00:00","Payfactors","2023-09-30 00:00:00+00:00","NO","0.03","NO","true"
"","2023-09-30 00:00:00+00:00","Treehouse","2023-09-30 00:00:00+00:00","NO","0.03","NO","true"
"","2023-09-30 00:00:00+00:00","Kenoby","2023-09-30 00:00:00+00:00","NO","0.03","NO","true"
"","2023-09-30 00:00:00+00:00","KiwiCo","2023-09-30 00:00:00+00:00","NO","0.03","NO","true"
"","2023-09-30 00:00:00+00:00","Privitar","2023-09-30 00:00:00+00:00","NO","0.03","NO","true"
"","2023-09-30 00:00:00+00:00","Buenbit","2023-09-30 00:00:00+00:00","NO","0.03","NO","true"
"","2023-09-30 00:00:00+00:00","Curative","2023-09-30 00:00:00+00:00","NO","0.03","NO","true"
"","2023-09-30 00:00:00+00:00","Envato","2023-09-30 00:00:00+00:00","NO","0.03","NO","true"
"","2023-09-30 00:00:00+00:00","Fast","2023-09-30 00:00:00+00:00","NO","0.03","NO","true"
"","2023-09-30 00:00:00+00:00","Flytedesk","2023-09-30 00:00:00+00:00","NO","0.03","NO","true"
"","2023-09-30 00:00:00+00:00","Intapp","2023-09-30 00:00:00+00:00","NO","0.03","NO","true"
"","2023-09-30 00:00:00+00:00","VSCO","2023-09-30 00:00:00+00:00","NO","0.03","NO","true"
"","2023-09-30 00:00:00+00:00","Virgin Hyperloop","2023-09-30 00:00:00+00:00","NO","0.03","NO","true"
"","2023-09-30 00:00:00+00:00","Akulaku","2023-09-30 00:00:00+00:00","NO","0.03","NO","true"
"","2023-09-30 00:00:00+00:00","Bench","2023-09-30 00:00:00+00:00","NO","0.03","NO","true"
"","2023-09-30 00:00:00+00:00","Kontist","2023-09-30 00:00:00+00:00","NO","0.03","NO","true"
"","2023-09-30 00:00:00+00:00","Papa","2023-09-30 00:00:00+00:00","NO","0.03","NO","true"
"","2023-09-30 00:00:00+00:00","Pomelo Fashion","2023-09-30 00:00:00+00:00","NO","0.03","NO","true"
"","2023-09-30 00:00:00+00:00","Voyage SMS","2023-09-30 00:00:00+00:00","NO","0.03","NO","true"
"","2023-09-30 00:00:00+00:00","Kapten / Free Now","2023-09-30 00:00:00+00:00","NO","0.03","NO","true"
"","2023-09-30 00:00:00+00:00","Rover","2023-09-30 00:00:00+00:00","NO","0.03","NO","true"
"","2023-09-30 00:00:00+00:00","Turntide","2023-09-30 00:00:00+00:00","NO","0.03","NO","true"
"","2023-09-30 00:00:00+00:00","Atlas Obscura ","2023-09-30 00:00:00+00:00","NO","0.03","NO","true"
"","2023-09-30 00:00:00+00:00","Boozt","2023-09-30 00:00:00+00:00","NO","0.03","NO","true"
"","2023-09-30 00:00:00+00:00","GoBear","2023-09-30 00:00:00+00:00","NO","0.03","NO","true"
"","2023-09-30 00:00:00+00:00","Thriver","2023-09-30 00:00:00+00:00","NO","0.03","NO","true"
"","2023-09-30 00:00:00+00:00","Ecobee","2023-09-30 00:00:00+00:00","NO","0.03","NO","true"
"","2023-09-30 00:00:00+00:00","Integrate.ai","2023-09-30 00:00:00+00:00","NO","0.03","NO","true"
"","2023-09-30 00:00:00+00:00","Jama","2023-09-30 00:00:00+00:00","NO","0.03","NO","true"
"","2023-09-30 00:00:00+00:00","Legible","2023-09-30 00:00:00+00:00","NO","0.03","NO","true"
"","2023-09-30 00:00:00+00:00","PuduTech","2023-09-30 00:00:00+00:00","NO","0.03","NO","true"
"","2023-09-30 00:00:00+00:00","Spyce","2023-09-30 00:00:00+00:00","NO","0.03","NO","true"
"","2023-09-30 00:00:00+00:00","BVAccel","2023-09-30 00:00:00+00:00","NO","0.03","NO","true"
"","2023-09-30 00:00:00+00:00","Dooly","2023-09-30 00:00:00+00:00","NO","0.03","NO","true"
"","2023-09-30 00:00:00+00:00","Ebanx","2023-09-30 00:00:00+00:00","NO","0.03","NO","true"
"","2023-09-30 00:00:00+00:00","Ejento","2023-09-30 00:00:00+00:00","NO","0.03","NO","true"
"","2023-09-30 00:00:00+00:00","Impala","2023-09-30 00:00:00+00:00","NO","0.03","NO","true"
"","2023-09-30 00:00:00+00:00","Abra","2023-09-30 00:00:00+00:00","NO","0.03","NO","true"
"","2023-09-30 00:00:00+00:00","Airlift","2023-09-30 00:00:00+00:00","NO","0.03","NO","true"
"","2023-09-30 00:00:00+00:00","Aura Financial","2023-09-30 00:00:00+00:00","NO","0.03","NO","true"
"","2023-09-30 00:00:00+00:00","Hired","2023-09-30 00:00:00+00:00","NO","0.03","NO","true"
"","2023-09-30 00:00:00+00:00","Maven","2023-09-30 00:00:00+00:00","NO","0.03","NO","true"
"","2023-09-30 00:00:00+00:00","OneTrust","2023-09-30 00:00:00+00:00","NO","0.03","NO","true"
"","2023-09-30 00:00:00+00:00","Ro","2023-09-30 00:00:00+00:00","NO","0.03","NO","true"
"","2023-09-30 00:00:00+00:00","Scoop","2023-09-30 00:00:00+00:00","NO","0.03","NO","true"
"","2023-09-30 00:00:00+00:00","Sendoso","2023-09-30 00:00:00+00:00","YES","0.03","NO","false"
"","2023-09-30 00:00:00+00:00","iPrice Group","2023-09-30 00:00:00+00:00","NO","0.03","NO","true"
"","2023-09-30 00:00:00+00:00"," Included Health","2023-09-30 00:00:00+00:00","NO","0.03","NO","true"
"","2023-09-30 00:00:00+00:00","1stdibs","2023-09-30 00:00:00+00:00","NO","0.03","NO","true"
"","2023-09-30 00:00:00+00:00","Livspace","2023-09-30 00:00:00+00:00","NO","0.03","NO","true"
"","2023-09-30 00:00:00+00:00","SundaySky","2023-09-30 00:00:00+00:00","NO","0.03","NO","true"
"","2023-09-30 00:00:00+00:00","The Sill","2023-09-30 00:00:00+00:00","NO","0.03","NO","true"
"","2023-09-30 00:00:00+00:00","Volt Bank","2023-09-30 00:00:00+00:00","NO","0.03","NO","true"
"","2023-09-30 00:00:00+00:00","Andela","2023-09-30 00:00:00+00:00","NO","0.03","NO","true"
"","2023-09-30 00:00:00+00:00","AngelList","2023-09-30 00:00:00+00:00","NO","0.03","NO","true"
"","2023-09-30 00:00:00+00:00","Pliops","2023-09-30 00:00:00+00:00","NO","0.03","NO","true"
"","2023-09-30 00:00:00+00:00","Rhumbix","2023-09-30 00:00:00+00:00","NO","0.03","NO","true"
"","2023-09-30 00:00:00+00:00","Service","2023-09-30 00:00:00+00:00","NO","0.03","NO","true"
"","2023-09-30 00:00:00+00:00","The Predictive Index","2023-09-30 00:00:00+00:00","NO","0.03","NO","true"
"","2023-09-30 00:00:00+00:00","Yonder","2023-09-30 00:00:00+00:00","NO","0.03","NO","true"
"","2023-09-30 00:00:00+00:00","Anagram","2023-09-30 00:00:00+00:00","NO","0.03","NO","true"
"","2023-09-30 00:00:00+00:00","Zipcar","2023-09-30 00:00:00+00:00","NO","0.03","NO","true"
"","2023-09-30 00:00:00+00:00","Castlight Health","2023-09-30 00:00:00+00:00","NO","0.03","NO","true"
"","2023-09-30 00:00:00+00:00","FlexCar","2023-09-30 00:00:00+00:00","NO","0.03","NO","true"
"","2023-09-30 00:00:00+00:00","Motif Investing","2023-09-30 00:00:00+00:00","NO","0.03","NO","true"
"","2023-09-30 00:00:00+00:00","Progrexion","2023-09-30 00:00:00+00:00","NO","0.03","NO","true"
"","2023-09-30 00:00:00+00:00","Workrise","2023-09-30 00:00:00+00:00","NO","0.03","NO","true"
"","2023-09-30 00:00:00+00:00","Zest AI","2023-09-30 00:00:00+00:00","NO","0.03","NO","true"
"","2023-09-30 00:00:00+00:00","G/O Media Group","2023-09-30 00:00:00+00:00","NO","0.03","NO","true"
"","2023-09-30 00:00:00+00:00","Shelf Engine","2023-09-30 00:00:00+00:00","NO","0.03","NO","true"
"","2023-09-30 00:00:00+00:00","TrueLayer","2023-09-30 00:00:00+00:00","NO","0.03","NO","true"
"","2023-09-30 00:00:00+00:00","Ada Support","2023-09-30 00:00:00+00:00","NO","0.03","NO","true"
"","2023-09-30 00:00:00+00:00","BetterCloud","2023-09-30 00:00:00+00:00","NO","0.03","NO","true"
"","2023-09-30 00:00:00+00:00","Le Tote","2023-09-30 00:00:00+00:00","NO","0.03","NO","true"
"","2023-09-30 00:00:00+00:00","LoopMe","2023-09-30 00:00:00+00:00","NO","0.03","NO","true"
"","2023-09-30 00:00:00+00:00","Pivot3","2023-09-30 00:00:00+00:00","NO","0.03","NO","true"
"","2023-09-30 00:00:00+00:00","Ridecell","2023-09-30 00:00:00+00:00","NO","0.03","NO","true"
"","2023-09-30 00:00:00+00:00","Vedanta Biosciences","2023-09-30 00:00:00+00:00","NO","0.03","NO","true"
"","2023-09-30 00:00:00+00:00","Alegion","2023-09-30 00:00:00+00:00","NO","0.03","NO","true"
"","2023-09-30 00:00:00+00:00","Amber Group","2023-09-30 00:00:00+00:00","NO","0.03","NO","true"
"","2023-09-30 00:00:00+00:00","Ideoclick","2023-09-30 00:00:00+00:00","NO","0.03","NO","true"
"","2023-09-30 00:00:00+00:00","Kickstarter","2023-09-30 00:00:00+00:00","NO","0.03","NO","true"
"","2023-09-30 00:00:00+00:00","Navi","2023-09-30 00:00:00+00:00","NO","0.03","NO","true"
"","2023-09-30 00:00:00+00:00","Anywell","2023-09-30 00:00:00+00:00","NO","0.03","NO","true"
"","2023-09-30 00:00:00+00:00","CrowdStreet","2023-09-30 00:00:00+00:00","NO","0.03","NO","true"
"","2023-09-30 00:00:00+00:00","DISCO","2023-09-30 00:00:00+00:00","NO","0.03","NO","true"
"","2023-09-30 00:00:00+00:00","Udayy","2023-09-30 00:00:00+00:00","NO","0.03","NO","true"
"","2023-09-30 00:00:00+00:00","Zak","2023-09-30 00:00:00+00:00","NO","0.03","NO","true"
"","2023-09-30 00:00:00+00:00","divvyDOSE","2023-09-30 00:00:00+00:00","NO","0.03","NO","true"
"","2023-09-30 00:00:00+00:00","DailyPay","2023-09-30 00:00:00+00:00","NO","0.03","NO","true"
"","2023-09-30 00:00:00+00:00","Heroes","2023-09-30 00:00:00+00:00","NO","0.03","NO","true"
"","2023-09-30 00:00:00+00:00","Perx Health","2023-09-30 00:00:00+00:00","NO","0.03","NO","true"
"","2023-09-30 00:00:00+00:00","Showpad","2023-09-30 00:00:00+00:00","NO","0.03","NO","true"
"","2023-09-30 00:00:00+00:00","AirMap","2023-09-30 00:00:00+00:00","NO","0.03","NO","true"
"","2023-09-30 00:00:00+00:00","Catalyst","2023-09-30 00:00:00+00:00","NO","0.03","NO","true"
"","2023-09-30 00:00:00+00:00","Udacity","2023-09-30 00:00:00+00:00","NO","0.02","NO","true"
"","2023-09-30 00:00:00+00:00","2U","2023-09-30 00:00:00+00:00","NO","0.02","NO","true"
"","2023-09-30 00:00:00+00:00","Vimeo","2023-09-30 00:00:00+00:00","NO","0.02","NO","true"
"","2023-09-30 00:00:00+00:00","CareerArc","2023-09-30 00:00:00+00:00","NO","0.02","NO","true"
"","2023-09-30 00:00:00+00:00","Glassdoor","2023-09-30 00:00:00+00:00","NO","0.02","NO","true"
"","2023-09-30 00:00:00+00:00","Oatly","2023-09-30 00:00:00+00:00","NO","0.02","NO","true"
"","2023-09-30 00:00:00+00:00","Houzz","2023-09-30 00:00:00+00:00","NO","0.02","NO","true"
"","2023-09-30 00:00:00+00:00","Medallia","2023-09-30 00:00:00+00:00","NO","0.02","NO","true"
"","2023-09-30 00:00:00+00:00","Rock Content","2023-09-30 00:00:00+00:00","NO","0.02","NO","true"
"","2023-09-30 00:00:00+00:00","Vial","2023-09-30 00:00:00+00:00","NO","0.02","NO","true"
"","2023-09-30 00:00:00+00:00","nCino","2023-09-30 00:00:00+00:00","NO","0.02","NO","true"
"","2023-09-30 00:00:00+00:00","Palantir","2023-09-30 00:00:00+00:00","NO","0.02","NO","true"
"","2023-09-30 00:00:00+00:00","Benchling","2023-09-30 00:00:00+00:00","NO","0.02","NO","true"
"","2023-09-30 00:00:00+00:00","Marqeta","2023-09-30 00:00:00+00:00","NO","0.02","NO","true"
"","2023-09-30 00:00:00+00:00","National Instruments","2023-09-30 00:00:00+00:00","NO","0.02","NO","true"
"","2023-09-30 00:00:00+00:00","Ritual","2023-09-30 00:00:00+00:00","NO","0.02","NO","true"
"","2023-09-30 00:00:00+00:00","Motive","2023-09-30 00:00:00+00:00","NO","0.02","NO","true"
"","2023-09-30 00:00:00+00:00","GoBolt","2023-09-30 00:00:00+00:00","NO","0.02","NO","true"
"","2023-09-30 00:00:00+00:00","Sensor Tower","2023-09-30 00:00:00+00:00","NO","0.02","NO","true"
"","2023-09-30 00:00:00+00:00","Skill Lync","2023-09-30 00:00:00+00:00","NO","0.02","NO","true"
"","2023-09-30 00:00:00+00:00","Hulu","2023-09-30 00:00:00+00:00","NO","0.02","NO","true"
"","2023-09-30 00:00:00+00:00","InfoSum","2023-09-30 00:00:00+00:00","NO","0.02","NO","true"
"","2023-09-30 00:00:00+00:00","Verily","2023-09-30 00:00:00+00:00","NO","0.02","NO","true"
"","2023-09-30 00:00:00+00:00","Eventbrite","2023-09-30 00:00:00+00:00","NO","0.02","NO","true"
"","2023-09-30 00:00:00+00:00","Domino Data Lab","2023-09-30 00:00:00+00:00","NO","0.02","NO","true"
"","2023-09-30 00:00:00+00:00","Outside","2023-09-30 00:00:00+00:00","NO","0.02","NO","true"
"","2023-09-30 00:00:00+00:00","The Zebra","2023-09-30 00:00:00+00:00","NO","0.02","NO","true"
"","2023-09-30 00:00:00+00:00","Tul","2023-09-30 00:00:00+00:00","NO","0.02","NO","true"
"","2023-09-30 00:00:00+00:00","Workday","2023-09-30 00:00:00+00:00","NO","0.02","NO","true"
"","2023-09-30 00:00:00+00:00","Gupy","2023-09-30 00:00:00+00:00","NO","0.02","NO","true"
"","2023-09-30 00:00:00+00:00","Xiaomi","2023-09-30 00:00:00+00:00","NO","0.02","NO","true"
"","2023-09-30 00:00:00+00:00","SoundCloud","2023-09-30 00:00:00+00:00","NO","0.02","NO","true"
"","2023-09-30 00:00:00+00:00","Innovid","2023-09-30 00:00:00+00:00","NO","0.02","NO","true"
"","2023-09-30 00:00:00+00:00","Mr Yum","2023-09-30 00:00:00+00:00","NO","0.02","NO","true"
"","2023-09-30 00:00:00+00:00","Quanergy Systems","2023-09-30 00:00:00+00:00","NO","0.02","NO","true"
"","2023-09-30 00:00:00+00:00","Adobe","2023-09-30 00:00:00+00:00","NO","0.02","NO","true"
"","2023-09-30 00:00:00+00:00","DoorDash","2023-09-30 00:00:00+00:00","NO","0.02","NO","true"
"","2023-09-30 00:00:00+00:00","LEAD","2023-09-30 00:00:00+00:00","NO","0.02","NO","true"
"","2023-09-30 00:00:00+00:00","Paperless Parts","2023-09-30 00:00:00+00:00","NO","0.02","NO","true"
"","2023-09-30 00:00:00+00:00","Cookpad","2023-09-30 00:00:00+00:00","NO","0.02","NO","true"
"","2023-09-30 00:00:00+00:00","First AML","2023-09-30 00:00:00+00:00","NO","0.02","NO","true"
"","2023-09-30 00:00:00+00:00","Buser","2023-09-30 00:00:00+00:00","NO","0.02","NO","true"
"","2023-09-30 00:00:00+00:00","Tempo","2023-09-30 00:00:00+00:00","NO","0.02","NO","true"
"","2023-09-30 00:00:00+00:00","Biofourmis","2023-09-30 00:00:00+00:00","NO","0.02","NO","true"
"","2023-09-30 00:00:00+00:00","BenevolentAI","2023-09-30 00:00:00+00:00","NO","0.02","NO","true"
"","2023-09-30 00:00:00+00:00","Blackbaud","2023-09-30 00:00:00+00:00","NO","0.02","NO","true"
"","2023-09-30 00:00:00+00:00","PetLove","2023-09-30 00:00:00+00:00","NO","0.02","NO","true"
"","2023-09-30 00:00:00+00:00","Teampay","2023-09-30 00:00:00+00:00","NO","0.02","NO","true"
"","2023-09-30 00:00:00+00:00","Bitso","2023-09-30 00:00:00+00:00","NO","0.01","NO","true"
"","2023-09-30 00:00:00+00:00","Koinly","2023-09-30 00:00:00+00:00","NO","0.01","NO","true"
"","2023-09-30 00:00:00+00:00","Rapyd","2023-09-30 00:00:00+00:00","NO","0.01","NO","true"
"","2023-09-30 00:00:00+00:00","Rigetti Computing","2023-09-30 00:00:00+00:00","NO","0.01","NO","true"
"","2023-09-30 00:00:00+00:00","Synlogic","2023-09-30 00:00:00+00:00","NO","0.01","NO","true"
"","2023-09-30 00:00:00+00:00","Azibo","2023-09-30 00:00:00+00:00","NO","0.01","NO","true"
"","2023-09-30 00:00:00+00:00","BitTorrent","2023-09-30 00:00:00+00:00","NO","0.01","NO","true"
"","2023-09-30 00:00:00+00:00","Flipboard","2023-09-30 00:00:00+00:00","NO","0.01","NO","true"
"","2023-09-30 00:00:00+00:00","Otonomo","2023-09-30 00:00:00+00:00","NO","0.01","NO","true"
"","2023-09-30 00:00:00+00:00","Clever Real Estate","2023-09-30 00:00:00+00:00","NO","0.01","NO","true"
"","2023-09-30 00:00:00+00:00","CoinTracker","2023-09-30 00:00:00+00:00","NO","0.01","NO","true"
"","2023-09-30 00:00:00+00:00","Course Hero","2023-09-30 00:00:00+00:00","YES","0.01","NO","false"
"","2023-09-30 00:00:00+00:00","Cyren","2023-09-30 00:00:00+00:00","NO","0.01","NO","true"
"","2023-09-30 00:00:00+00:00","Mythical Games","2023-09-30 00:00:00+00:00","NO","0.01","NO","true"
"","2023-09-30 00:00:00+00:00","Wonder","2023-09-30 00:00:00+00:00","NO","0.01","NO","true"
"","2023-09-30 00:00:00+00:00","Hootsuite","2023-09-30 00:00:00+00:00","NO","0.01","NO","true"
"","2023-09-30 00:00:00+00:00","Life360","2023-09-30 00:00:00+00:00","NO","0.01","NO","true"
"","2023-09-30 00:00:00+00:00","PaulCamper","2023-09-30 00:00:00+00:00","NO","0.01","NO","true"
"","2023-09-30 00:00:00+00:00","Dapper Labs","2023-09-30 00:00:00+00:00","NO","0.01","NO","true"
"","2023-09-30 00:00:00+00:00","Greenhouse","2023-09-30 00:00:00+00:00","NO","0.01","NO","true"
"","2023-09-30 00:00:00+00:00","ZestMoney","2023-09-30 00:00:00+00:00","YES","0.01","NO","false"
"","2023-09-30 00:00:00+00:00","Cloudinary","2023-09-30 00:00:00+00:00","NO","0.01","NO","true"
"","2023-09-30 00:00:00+00:00","Homebound","2023-09-30 00:00:00+00:00","NO","0.01","NO","true"
"","2023-09-30 00:00:00+00:00","Pipedrive","2023-09-30 00:00:00+00:00","YES","0.01","NO","false"
"","2023-09-30 00:00:00+00:00","Shutterfly","2023-09-30 00:00:00+00:00","NO","0.01","NO","true"
"","2023-09-30 00:00:00+00:00","SirionLabs","2023-09-30 00:00:00+00:00","NO","0.01","NO","true"
"","2023-09-30 00:00:00+00:00","Crunchyroll","2023-09-30 00:00:00+00:00","NO","0.01","NO","true"
"","2023-09-30 00:00:00+00:00","Editas Medicine","2023-09-30 00:00:00+00:00","NO","0.01","NO","true"
"","2023-09-30 00:00:00+00:00","SendCloud","2023-09-30 00:00:00+00:00","NO","0.01","NO","true"
"","2023-09-30 00:00:00+00:00","Bark","2023-09-30 00:00:00+00:00","NO","0.01","NO","true"
"","2023-09-30 00:00:00+00:00","Blue Origin","2023-09-30 00:00:00+00:00","YES","0.01","NO","false"
"","2023-09-30 00:00:00+00:00","Clutch","2023-09-30 00:00:00+00:00","NO","0.01","NO","true"
"","2023-09-30 00:00:00+00:00","CommerceHub","2023-09-30 00:00:00+00:00","NO","0.01","NO","true"
"","2023-09-30 00:00:00+00:00","Desktop Metal","2023-09-30 00:00:00+00:00","NO","0.01","NO","true"
"","2023-09-30 00:00:00+00:00","Malwarebytes","2023-09-30 00:00:00+00:00","NO","0.01","NO","true"
"","2023-09-30 00:00:00+00:00","RingCentral","2023-09-30 00:00:00+00:00","NO","0.01","NO","true"
"","2023-09-30 00:00:00+00:00","ConnectRN","2023-09-30 00:00:00+00:00","NO","0.01","NO","true"
"","2023-09-30 00:00:00+00:00","Fandom","2023-09-30 00:00:00+00:00","NO","0.01","NO","true"
"","2023-09-30 00:00:00+00:00","Homepoint","2023-09-30 00:00:00+00:00","NO","0.01","NO","true"
"","2023-09-30 00:00:00+00:00","Proton.ai","2023-09-30 00:00:00+00:00","NO","0.01","NO","true"
"","2023-09-30 00:00:00+00:00","SmartAsset","2023-09-30 00:00:00+00:00","NO","0.01","NO","true"
"","2023-09-30 00:00:00+00:00","Twist Bioscience","2023-09-30 00:00:00+00:00","NO","0.01","NO","true"
"","2023-09-30 00:00:00+00:00","Utopia Music","2023-09-30 00:00:00+00:00","NO","0.01","NO","true"
"","2023-09-30 00:00:00+00:00","BetterUp","2023-09-30 00:00:00+00:00","NO","0.01","NO","true"
"","2023-09-30 00:00:00+00:00","Catch.com.au","2023-09-30 00:00:00+00:00","NO","0.01","NO","true"
"","2023-09-30 00:00:00+00:00","Circus Kitchens","2023-09-30 00:00:00+00:00","NO","0.01","NO","true"
"","2023-09-30 00:00:00+00:00","Code42","2023-09-30 00:00:00+00:00","NO","0.01","NO","true"
"","2023-09-30 00:00:00+00:00","Modern Treasury","2023-09-30 00:00:00+00:00","NO","0.01","NO","true"
"","2023-09-30 00:00:00+00:00","Opendoor","2023-09-30 00:00:00+00:00","NO","0.01","NO","true"
"","2023-09-30 00:00:00+00:00","Splyt","2023-09-30 00:00:00+00:00","NO","0.01","NO","true"
"","2023-09-30 00:00:00+00:00","Noice","2023-09-30 00:00:00+00:00","NO","0.01","NO","true"
"","2023-09-30 00:00:00+00:00","Retool","2023-09-30 00:00:00+00:00","NO","0.01","NO","true"
"","2023-09-30 00:00:00+00:00","SoFi","2023-09-30 00:00:00+00:00","NO","0.01","NO","true"
"","2023-09-30 00:00:00+00:00","Grubhub","2023-09-30 00:00:00+00:00","NO","0.01","NO","true"
"","2023-09-30 00:00:00+00:00","Flyhomes","2023-09-30 00:00:00+00:00","YES","0.01","NO","false"
"","2023-09-30 00:00:00+00:00","Hometap","2023-09-30 00:00:00+00:00","NO","0.01","NO","true"
"","2023-09-30 00:00:00+00:00","Kenko Health","2023-09-30 00:00:00+00:00","NO","0.01","NO","true"
"","2023-09-30 00:00:00+00:00","Logitech","2023-09-30 00:00:00+00:00","NO","0.01","NO","true"
"","2023-09-30 00:00:00+00:00","Picnic","2023-09-30 00:00:00+00:00","NO","0.01","NO","true"
"","2023-09-30 00:00:00+00:00","Culture Amp","2023-09-30 00:00:00+00:00","NO","0.01","NO","true"
"","2023-09-30 00:00:00+00:00","Karat","2023-09-30 00:00:00+00:00","NO","0.01","NO","true"
"","2023-09-30 00:00:00+00:00","Mara","2023-09-30 00:00:00+00:00","NO","0.01","NO","true"
"","2023-09-30 00:00:00+00:00","Dragos","2023-09-30 00:00:00+00:00","NO","0.01","NO","true"
"","2023-09-30 00:00:00+00:00","SentinelOne","2023-09-30 00:00:00+00:00","NO","0.01","NO","true"
"","2023-09-30 00:00:00+00:00","UserTesting","2023-09-30 00:00:00+00:00","NO","0.01","NO","true"
"","2023-09-30 00:00:00+00:00","Betterfly","2023-09-30 00:00:00+00:00","NO","0.01","NO","true"
"","2023-09-30 00:00:00+00:00","Glints","2023-09-30 00:00:00+00:00","NO","0.01","NO","true"
"","2023-09-30 00:00:00+00:00","Integral Ad Science","2023-09-30 00:00:00+00:00","NO","0.01","NO","true"
"","2023-09-30 00:00:00+00:00","PagerDuty","2023-09-30 00:00:00+00:00","NO","0.01","NO","true"
"","2023-09-30 00:00:00+00:00","Fivetran","2023-09-30 00:00:00+00:00","NO","0.01","NO","true"
"","2023-09-30 00:00:00+00:00","Planet","2023-09-30 00:00:00+00:00","NO","0.01","NO","true"
"","2023-09-30 00:00:00+00:00","Till Payments","2023-09-30 00:00:00+00:00","NO","0.01","NO","true"
"","2023-09-30 00:00:00+00:00","TrueCar","2023-09-30 00:00:00+00:00","NO","0.01","NO","true"
"","2023-09-30 00:00:00+00:00","Snyk","2023-09-30 00:00:00+00:00","NO","0.01","NO","true"
"","2023-09-30 00:00:00+00:00","Brightline","2023-09-30 00:00:00+00:00","NO","0.01","NO","true"
"","2023-09-30 00:00:00+00:00","Venafi","2023-09-30 00:00:00+00:00","NO","0.01","NO","true"
"","2023-09-30 00:00:00+00:00","Confluent","2023-09-30 00:00:00+00:00","NO","0.01","NO","true"
"","2023-09-30 00:00:00+00:00","Impossible Foods copy","2023-09-30 00:00:00+00:00","NO","0.01","NO","true"
"","2023-09-30 00:00:00+00:00","LiveRamp","2023-09-30 00:00:00+00:00","NO","0.01","NO","true"
"","2023-09-30 00:00:00+00:00","Velodyne Lidar","2023-09-30 00:00:00+00:00","NO","0.01","NO","true"
"","2023-09-30 00:00:00+00:00","Basis Technologies","2023-09-30 00:00:00+00:00","NO","0.01","NO","true"
"","2023-09-30 00:00:00+00:00","Bridgit","2023-09-30 00:00:00+00:00","NO","0.01","NO","true"
"","2023-09-30 00:00:00+00:00","CloudFactory","2023-09-30 00:00:00+00:00","NO","0.01","NO","true"
"","2023-09-30 00:00:00+00:00","HomeLane","2023-09-30 00:00:00+00:00","NO","0.01","NO","true"
"","2023-09-30 00:00:00+00:00","Mensa Brands","2023-09-30 00:00:00+00:00","NO","0.01","NO","true"
"","2023-09-30 00:00:00+00:00","Pinterest","2023-09-30 00:00:00+00:00","NO","0.01","NO","true"
"","2023-09-30 00:00:00+00:00","Chime","2023-09-30 00:00:00+00:00","NO","0.01","NO","true"
"","2023-09-30 00:00:00+00:00","Symend","2023-09-30 00:00:00+00:00","NO","0.01","NO","true"
"","2023-09-30 00:00:00+00:00","Ula","2023-09-30 00:00:00+00:00","NO","0.01","NO","true"
"","2023-09-30 00:00:00+00:00","Firework","2023-09-30 00:00:00+00:00","NO","0.01","NO","true"
"","2023-09-30 00:00:00+00:00","Lyft","2023-09-30 00:00:00+00:00","NO","0.01","NO","true"
"","2023-09-30 00:00:00+00:00","Absci","2023-09-30 00:00:00+00:00","NO","0.01","NO","true"
"","2023-09-30 00:00:00+00:00","Rivian","2023-09-30 00:00:00+00:00","YES","0.01","NO","false"
"","2023-09-30 00:00:00+00:00","StudySmarter","2023-09-30 00:00:00+00:00","NO","0.01","NO","true"
"","2023-09-30 00:00:00+00:00","Appcues","2023-09-30 00:00:00+00:00","NO","0.01","NO","true"
"","2023-09-30 00:00:00+00:00","Rappi","2023-09-30 00:00:00+00:00","NO","0.01","NO","true"
"","2023-09-30 00:00:00+00:00","Zhihu","2023-09-30 00:00:00+00:00","NO","0.01","NO","true"
"","2023-09-30 00:00:00+00:00","Codexis","2023-09-30 00:00:00+00:00","NO","0.01","NO","true"
"","2023-09-30 00:00:00+00:00","MPL","2023-09-30 00:00:00+00:00","NO","0.01","NO","true"
"","2023-09-30 00:00:00+00:00","Poppulo","2023-09-30 00:00:00+00:00","NO","0.01","NO","true"
"","2023-09-30 00:00:00+00:00","Titan Medical","2023-09-30 00:00:00+00:00","NO","0.01","NO","true"
"","2023-09-30 00:00:00+00:00","Embrace","2023-09-30 00:00:00+00:00","NO","0.01","NO","true"
"","2023-09-30 00:00:00+00:00","Properly","2023-09-30 00:00:00+00:00","NO","0.01","NO","true"
"","2023-09-30 00:00:00+00:00","Copia","2023-09-30 00:00:00+00:00","NO","0.01","NO","true"
"","2023-09-30 00:00:00+00:00","Plus One Robotics","2023-09-30 00:00:00+00:00","NO","0.01","NO","true"
"","2023-09-30 00:00:00+00:00","Scoro","2023-09-30 00:00:00+00:00","NO","0.01","NO","true"
"","2023-09-30 00:00:00+00:00","Airbnb","2023-09-30 00:00:00+00:00","NO","0.01","NO","true"
"","2023-09-30 00:00:00+00:00","GoCardless","2023-09-30 00:00:00+00:00","NO","0.01","NO","true"
"","2023-09-30 00:00:00+00:00","Rubicon Technologies","2023-09-30 00:00:00+00:00","NO","0.01","NO","true"
"","2023-09-30 00:00:00+00:00","Bizzabo","2023-09-30 00:00:00+00:00","NO","0.01","NO","true"
"","2023-09-30 00:00:00+00:00","Better Therapeutics","2023-09-30 00:00:00+00:00","NO","0.01","NO","true"
"","2023-09-30 00:00:00+00:00","CoinDCX","2023-09-30 00:00:00+00:00","NO","0.01","NO","true"
"","2023-09-30 00:00:00+00:00","Community Gaming","2023-09-30 00:00:00+00:00","NO","0.01","NO","true"
"","2023-09-30 00:00:00+00:00","Drop","2023-09-30 00:00:00+00:00","NO","0.01","NO","true"
"","2023-09-30 00:00:00+00:00","Exterro","2023-09-30 00:00:00+00:00","NO","0.01","NO","true"
"","2023-09-30 00:00:00+00:00","Rapid7","2023-09-30 00:00:00+00:00","NO","0.01","NO","true"
"","2023-09-30 00:00:00+00:00","Rev.com","2023-09-30 00:00:00+00:00","NO","0.01","NO","true"
"","2023-09-30 00:00:00+00:00","Salesloft","2023-09-30 00:00:00+00:00","NO","0.01","NO","true"
"","2023-09-30 00:00:00+00:00","Sinch","2023-09-30 00:00:00+00:00","NO","0.01","NO","true"
"","2023-09-30 00:00:00+00:00","CS Disco","2023-09-30 00:00:00+00:00","NO","0.01","NO","true"
"","2023-09-30 00:00:00+00:00","Personalis","2023-09-30 00:00:00+00:00","NO","0.01","NO","true"
"","2023-09-30 00:00:00+00:00","Spotify","2023-09-30 00:00:00+00:00","YES","0.01","NO","false"
"","2023-09-30 00:00:00+00:00","Chief","2023-09-30 00:00:00+00:00","NO","0.01","NO","true"
"","2023-09-30 00:00:00+00:00","Cohesity","2023-09-30 00:00:00+00:00","NO","0.01","NO","true"
"","2023-09-30 00:00:00+00:00","Gousto","2023-09-30 00:00:00+00:00","NO","0.01","NO","true"
"","2023-09-30 00:00:00+00:00","Nikola","2023-09-30 00:00:00+00:00","NO","0.01","NO","true"
"","2023-09-30 00:00:00+00:00","Repertoire Immune Medicines","2023-09-30 00:00:00+00:00","NO","0.01","NO","true"
"","2023-09-30 00:00:00+00:00","WeWork ","2023-09-30 00:00:00+00:00","NO","0.01","NO","true"
"","2023-09-30 00:00:00+00:00","Magic Eden","2023-09-30 00:00:00+00:00","NO","0.01","NO","true"
"","2023-09-30 00:00:00+00:00","TripleLift","2023-09-30 00:00:00+00:00","NO","0.01","NO","true"
"","2023-09-30 00:00:00+00:00","Zappos","2023-09-30 00:00:00+00:00","NO","0.01","NO","true"
"","2023-09-30 00:00:00+00:00","Mindstrong","2023-09-30 00:00:00+00:00","NO","0.01","NO","true"
"","2023-09-30 00:00:00+00:00","Pleo","2023-09-30 00:00:00+00:00","NO","0.01","NO","true"
"","2023-09-30 00:00:00+00:00","Salesforce","2023-09-30 00:00:00+00:00","NO","0.01","NO","true"
"","2023-09-30 00:00:00+00:00","Snappy","2023-09-30 00:00:00+00:00","NO","0.01","NO","true"
"","2023-09-30 00:00:00+00:00","Anaplan","2023-09-30 00:00:00+00:00","NO","0.01","NO","true"
"","2023-09-30 00:00:00+00:00","Jimdo","2023-09-30 00:00:00+00:00","NO","0.01","NO","true"
"","2023-09-30 00:00:00+00:00","Eurora","2023-09-30 00:00:00+00:00","NO","0.01","NO","true"
"","2023-09-30 00:00:00+00:00","GoTo Group","2023-09-30 00:00:00+00:00","NO","0.01","NO","true"
"","2023-09-30 00:00:00+00:00","Asana","2023-09-30 00:00:00+00:00","NO","0.01","NO","true"
"","2023-09-30 00:00:00+00:00","Euler Motors","2023-09-30 00:00:00+00:00","NO","0.01","NO","true"
"","2023-09-30 00:00:00+00:00","NetApp","2023-09-30 00:00:00+00:00","NO","0.01","NO","true"
"","2023-09-30 00:00:00+00:00","Grover","2023-09-30 00:00:00+00:00","NO","0.01","NO","true"
"","2023-09-30 00:00:00+00:00","Amplitude","2023-09-30 00:00:00+00:00","NO","0.01","NO","true"
"","2023-09-30 00:00:00+00:00","IAM Robotics","2023-09-30 00:00:00+00:00","NO","0.01","NO","true"
"","2023-09-30 00:00:00+00:00","Toothsi","2023-09-30 00:00:00+00:00","NO","0.01","NO","true"
"","2023-09-30 00:00:00+00:00","Trax","2023-09-30 00:00:00+00:00","NO","0.01","NO","true"
"","2023-09-30 00:00:00+00:00","iFood","2023-09-30 00:00:00+00:00","NO","0.01","NO","true"
"","2023-09-30 00:00:00+00:00","Aqua Security","2023-09-30 00:00:00+00:00","NO","0.01","NO","true"
"","2023-09-30 00:00:00+00:00","Coherent","2023-09-30 00:00:00+00:00","NO","0.01","NO","true"
"","2023-09-30 00:00:00+00:00","HighRadius","2023-09-30 00:00:00+00:00","NO","0.01","NO","true"
"","2023-09-30 00:00:00+00:00","TealBook","2023-09-30 00:00:00+00:00","NO","0.01","NO","true"
"","2023-09-30 00:00:00+00:00","Amobee","2023-09-30 00:00:00+00:00","NO","0.01","NO","true"
"","2023-09-30 00:00:00+00:00","Happy Money","2023-09-30 00:00:00+00:00","NO","0.01","NO","true"
"","2023-09-30 00:00:00+00:00","Rebellion Defense","2023-09-30 00:00:00+00:00","NO","0.01","NO","true"
"","2023-09-30 00:00:00+00:00","PagSeguro","2023-09-30 00:00:00+00:00","NO","0.01","NO","true"
"","2023-09-30 00:00:00+00:00","Alibaba Cloud","2023-09-30 00:00:00+00:00","NO","0.01","NO","true"
"","2023-09-30 00:00:00+00:00","Healthy.io","2023-09-30 00:00:00+00:00","NO","0.01","NO","true"
"","2023-09-30 00:00:00+00:00","Iress","2023-09-30 00:00:00+00:00","NO","0.01","NO","true"
"","2023-09-30 00:00:00+00:00","Deliveroo","2023-09-30 00:00:00+00:00","NO","0.01","NO","true"
"","2023-09-30 00:00:00+00:00","Duck Creek Technologies","2023-09-30 00:00:00+00:00","NO","0.01","NO","true"
"","2023-09-30 00:00:00+00:00","Guideline","2023-09-30 00:00:00+00:00","NO","0.01","NO","true"
"","2023-09-30 00:00:00+00:00","Hotmart","2023-09-30 00:00:00+00:00","NO","0.01","NO","true"
"","2023-09-30 00:00:00+00:00","Waze","2023-09-30 00:00:00+00:00","NO","0.01","NO","true"
"","2023-09-30 00:00:00+00:00","BitSight","2023-09-30 00:00:00+00:00","NO","0.01","NO","true"
"","2023-09-30 00:00:00+00:00","Lendis","2023-09-30 00:00:00+00:00","NO","0.01","NO","true"
"","2023-09-30 00:00:00+00:00","Zscaler","2023-09-30 00:00:00+00:00","NO","0.01","NO","true"
"","2023-09-30 00:00:00+00:00","Digital Currency Gruop","2023-09-30 00:00:00+00:00","NO","0.01","NO","true"
"","2023-09-30 00:00:00+00:00","No Fluff Jobs","2023-09-30 00:00:00+00:00","NO","0.01","NO","true"
"","2023-09-30 00:00:00+00:00","Citrix","2023-09-30 00:00:00+00:00","NO","0.01","NO","true"
"","2023-09-30 00:00:00+00:00","Iron Ox","2023-09-30 00:00:00+00:00","NO","0.01","NO","true"
"","2023-09-30 00:00:00+00:00","Everlaw","2023-09-30 00:00:00+00:00","NO","0.01","NO","true"
"","2023-09-30 00:00:00+00:00","Ledn","2023-09-30 00:00:00+00:00","NO","0.01","NO","true"
"","2023-09-30 00:00:00+00:00","Western Digital","2023-09-30 00:00:00+00:00","NO","0.01","NO","true"
"","2023-09-30 00:00:00+00:00","C6 Bank","2023-09-30 00:00:00+00:00","NO","0.01","NO","true"
"","2023-09-30 00:00:00+00:00","Detectify","2023-09-30 00:00:00+00:00","NO","0.01","NO","true"
"","2023-09-30 00:00:00+00:00","Miro","2023-09-30 00:00:00+00:00","NO","0.01","NO","true"
"","2023-09-30 00:00:00+00:00","Yapily","2023-09-30 00:00:00+00:00","NO","0.01","NO","true"
"","2023-09-30 00:00:00+00:00","Deepwatch","2023-09-30 00:00:00+00:00","NO","0.01","NO","true"
"","2023-09-30 00:00:00+00:00","Infogrid","2023-09-30 00:00:00+00:00","NO","0.01","NO","true"
"","2023-09-30 00:00:00+00:00","MyGate","2023-09-30 00:00:00+00:00","NO","0.01","NO","true"
"","2023-09-30 00:00:00+00:00","Pagaya","2023-09-30 00:00:00+00:00","NO","0.01","NO","true"
"","2023-09-30 00:00:00+00:00","Datagen","2023-09-30 00:00:00+00:00","NO","0.01","NO","true"
"","2023-09-30 00:00:00+00:00","Omnipresent","2023-09-30 00:00:00+00:00","NO","0.01","NO","true"
"","2023-09-30 00:00:00+00:00","WayCool","2023-09-30 00:00:00+00:00","NO","0.01","NO","true"
"","2023-09-30 00:00:00+00:00","HackerRank","2023-09-30 00:00:00+00:00","NO","0.01","NO","true"
"","2023-09-30 00:00:00+00:00","Pecan AI","2023-09-30 00:00:00+00:00","NO","0.01","NO","true"
"","2023-09-30 00:00:00+00:00","Cowbell","2023-09-30 00:00:00+00:00","NO","0.01","NO","true"
"","2023-09-30 00:00:00+00:00","Getaround","2023-09-30 00:00:00+00:00","NO","0.01","NO","true"
"","2023-09-30 00:00:00+00:00","Tekion","2023-09-30 00:00:00+00:00","NO","0.01","NO","true"
"","2023-09-30 00:00:00+00:00","Wattpad","2023-09-30 00:00:00+00:00","NO","0.01","NO","true"
"","2023-09-30 00:00:00+00:00","Cybereason","2023-09-30 00:00:00+00:00","NO","0.01","NO","true"
"","2023-09-30 00:00:00+00:00","Electronic Arts","2023-09-30 00:00:00+00:00","NO","0.01","NO","true"
"","2023-09-30 00:00:00+00:00","Kandji","2023-09-30 00:00:00+00:00","NO","0.01","NO","true"
"","2023-09-30 00:00:00+00:00","CoSchedule","2023-09-30 00:00:00+00:00","NO","0.01","NO","true"
"","2023-09-30 00:00:00+00:00","Messari","2023-09-30 00:00:00+00:00","NO","0.01","NO","true"
"","2023-09-30 00:00:00+00:00","Embark Vet","2023-09-30 00:00:00+00:00","NO","0","NO","true"
"","2023-09-30 00:00:00+00:00","MessageBird","2023-09-30 00:00:00+00:00","NO","0","NO","true"
"","2023-09-30 00:00:00+00:00","Springbig","2023-09-30 00:00:00+00:00","NO","0","NO","true"
"","2023-09-30 00:00:00+00:00","Typeform","2023-09-30 00:00:00+00:00","NO","0","NO","true"
"","2023-09-30 00:00:00+00:00","Archipelago","2023-09-30 00:00:00+00:00","NO","0","NO","true"
"","2023-09-30 00:00:00+00:00","Foresight Insurance","2023-09-30 00:00:00+00:00","NO","0","NO","true"
"","2023-09-30 00:00:00+00:00","Nuri","2023-09-30 00:00:00+00:00","NO","0","NO","true"
"","2023-09-30 00:00:00+00:00","Xing","2023-09-30 00:00:00+00:00","NO","0","NO","true"
"","2023-09-30 00:00:00+00:00","Hyland Software","2023-09-30 00:00:00+00:00","NO","0","NO","true"
"","2023-09-30 00:00:00+00:00","Jellysmack","2023-09-30 00:00:00+00:00","YES","0","NO","false"
"","2023-09-30 00:00:00+00:00","MediaMath","2023-09-30 00:00:00+00:00","NO","0","NO","true"
"","2023-09-30 00:00:00+00:00","Crossbeam","2023-09-30 00:00:00+00:00","NO","0","NO","true"
"","2023-09-30 00:00:00+00:00","Lokalise","2023-09-30 00:00:00+00:00","NO","0","NO","true"
"","2023-09-30 00:00:00+00:00","Pastel","2023-09-30 00:00:00+00:00","NO","0","NO","true"
"","2023-09-30 00:00:00+00:00","Andgo","2023-09-30 00:00:00+00:00","NO","0","NO","true"
"","2023-09-30 00:00:00+00:00","Apollo Insurance","2023-09-30 00:00:00+00:00","NO","0","NO","true"
"","2023-09-30 00:00:00+00:00","TwinStrand","2023-09-30 00:00:00+00:00","NO","0","NO","true"
"","2023-09-30 00:00:00+00:00","MindBody","2023-09-30 00:00:00+00:00","NO","0","NO","true"
"","2023-09-30 00:00:00+00:00","Plum","2023-09-30 00:00:00+00:00","NO","0","NO","true"
"","2023-09-30 00:00:00+00:00","Tricida","2023-09-30 00:00:00+00:00","NO","0","NO","true"
"","2023-09-30 00:00:00+00:00","iFit","2023-09-30 00:00:00+00:00","NO","0","NO","true"
"","2023-09-30 00:00:00+00:00","Citrine Informatics","2023-09-30 00:00:00+00:00","NO","0","NO","true"
"","2023-09-30 00:00:00+00:00","Scribe Media","2023-09-30 00:00:00+00:00","NO","0","NO","true"
"","2023-09-30 00:00:00+00:00","Bluepad","2023-09-30 00:00:00+00:00","NO","0","NO","true"
"","2023-09-30 00:00:00+00:00","Heygo","2023-09-30 00:00:00+00:00","NO","0","NO","true"
"","2023-09-30 00:00:00+00:00","Swiggy","2023-09-30 00:00:00+00:00","NO","0","NO","true"
"","2023-09-30 00:00:00+00:00","Domestika","2023-09-30 00:00:00+00:00","NO","0","NO","true"
"","2023-09-30 00:00:00+00:00","Latch","2023-09-30 00:00:00+00:00","NO","0","NO","true"
"","2023-09-30 00:00:00+00:00","Antidote Health","2023-09-30 00:00:00+00:00","NO","0","NO","true"
"","2023-09-30 00:00:00+00:00","Astronomer","2023-09-30 00:00:00+00:00","NO","0","NO","true"
"","2023-09-30 00:00:00+00:00","Nowadays","2023-09-30 00:00:00+00:00","NO","0","NO","true"
"","2023-09-30 00:00:00+00:00","Grab","2023-09-30 00:00:00+00:00","NO","0","NO","true"
"","2023-09-30 00:00:00+00:00","Heycar","2023-09-30 00:00:00+00:00","NO","0","NO","true"
"","2023-09-30 00:00:00+00:00","NCX","2023-09-30 00:00:00+00:00","NO","0","NO","true"
"","2023-09-30 00:00:00+00:00","Autograph","2023-09-30 00:00:00+00:00","NO","0","NO","true"
"","2023-09-30 00:00:00+00:00","Aware","2023-09-30 00:00:00+00:00","NO","0","NO","true"
"","2023-09-30 00:00:00+00:00","Hydrow","2023-09-30 00:00:00+00:00","NO","0","NO","true"
"","2023-09-30 00:00:00+00:00","Redbubble","2023-09-30 00:00:00+00:00","NO","0","NO","true"
"","2023-09-30 00:00:00+00:00","Spin","2023-09-30 00:00:00+00:00","NO","0","NO","true"
"","2023-09-30 00:00:00+00:00","Rapid","2023-09-30 00:00:00+00:00","NO","0","NO","true"
"","2023-09-30 00:00:00+00:00","StreamElements","2023-09-30 00:00:00+00:00","NO","0","NO","true"
"","2023-09-30 00:00:00+00:00","Bilibili","2023-09-30 00:00:00+00:00","NO","0","NO","true"
"","2023-09-30 00:00:00+00:00","Lantern","2023-09-30 00:00:00+00:00","NO","0","NO","true"
"","2023-09-30 00:00:00+00:00","Loom","2023-09-30 00:00:00+00:00","NO","0","NO","true"
"","2023-09-30 00:00:00+00:00","Viant","2023-09-30 00:00:00+00:00","NO","0","NO","true"
"","2023-09-30 00:00:00+00:00","Formstack","2023-09-30 00:00:00+00:00","NO","0","NO","true"
"","2023-09-30 00:00:00+00:00","Me Poupe","2023-09-30 00:00:00+00:00","NO","0","NO","true"
"","2023-09-30 00:00:00+00:00","Mutiny","2023-09-30 00:00:00+00:00","NO","0","NO","true"
"","2023-09-30 00:00:00+00:00","Riot Games","2023-09-30 00:00:00+00:00","NO","0","NO","true"
"","2023-09-30 00:00:00+00:00","At-Bay","2023-09-30 00:00:00+00:00","NO","0","NO","true"
"","2023-09-30 00:00:00+00:00","HealthifyMe","2023-09-30 00:00:00+00:00","NO","0","NO","true"
"","2023-09-30 00:00:00+00:00","Gem","2023-09-30 00:00:00+00:00","NO","0","NO","true"
"","2023-09-30 00:00:00+00:00","LeafLink","2023-09-30 00:00:00+00:00","NO","0","NO","true"
"","2023-09-30 00:00:00+00:00","Luno","2023-09-30 00:00:00+00:00","NO","0","NO","true"
"","2023-09-30 00:00:00+00:00","Rubius","2023-09-30 00:00:00+00:00","NO","0","NO","true"
"","2023-09-30 00:00:00+00:00","Actyv.ai","2023-09-30 00:00:00+00:00","NO","0","NO","true"
"","2023-09-30 00:00:00+00:00","Ludia","2023-09-30 00:00:00+00:00","NO","0","NO","true"
"","2023-09-30 00:00:00+00:00","Synthego","2023-09-30 00:00:00+00:00","NO","0","NO","true"
"","2023-09-30 00:00:00+00:00","Momentis Surgical","2023-09-30 00:00:00+00:00","NO","0","NO","true"
"","2023-09-30 00:00:00+00:00","Attentive","2023-09-30 00:00:00+00:00","NO","0","NO","true"
"","2023-09-30 00:00:00+00:00","Perimeter 81","2023-09-30 00:00:00+00:00","NO","0","NO","true"
"","2023-09-30 00:00:00+00:00","PhableCare","2023-09-30 00:00:00+00:00","NO","0","NO","true"
"","2023-09-30 00:00:00+00:00","Cana","2023-09-30 00:00:00+00:00","NO","0","NO","true"
"","2023-09-30 00:00:00+00:00","Olive AI","2023-09-30 00:00:00+00:00","NO","0","NO","true"
"","2023-09-30 00:00:00+00:00","Easee","2023-09-30 00:00:00+00:00","NO","0","NO","true"
"","2023-09-30 00:00:00+00:00","Fittr","2023-09-30 00:00:00+00:00","NO","0","NO","true"
"","2023-09-30 00:00:00+00:00","Flux Systems","2023-09-30 00:00:00+00:00","NO","0","NO","true"
"","2023-09-30 00:00:00+00:00","Namogoo","2023-09-30 00:00:00+00:00","NO","0","NO","true"
"","2023-09-30 00:00:00+00:00","Science 37","2023-09-30 00:00:00+00:00","NO","0","NO","true"
"","2023-09-30 00:00:00+00:00","Arch Oncology","2023-09-30 00:00:00+00:00","NO","0","NO","true"
"","2023-09-30 00:00:00+00:00","Catch","2023-09-30 00:00:00+00:00","NO","0","NO","true"
"","2023-09-30 00:00:00+00:00","Quanto","2023-09-30 00:00:00+00:00","NO","0","NO","true"
"","2023-09-30 00:00:00+00:00","View","2023-09-30 00:00:00+00:00","NO","0","NO","true"
"","2023-09-30 00:00:00+00:00","Beam Benefits","2023-09-30 00:00:00+00:00","NO","0","NO","true"
"","2023-09-30 00:00:00+00:00","Reliance JioMart","2023-09-30 00:00:00+00:00","NO","0","NO","true"
"","2023-09-30 00:00:00+00:00","Collage.com","2023-09-30 00:00:00+00:00","NO","0","NO","true"
"","2023-09-30 00:00:00+00:00","Elastic","2023-09-30 00:00:00+00:00","NO","0","NO","true"
"","2023-09-30 00:00:00+00:00","Fundbox","2023-09-30 00:00:00+00:00","NO","0","NO","true"
"","2023-09-30 00:00:00+00:00","Getir","2023-09-30 00:00:00+00:00","NO","0","NO","true"
"","2023-09-30 00:00:00+00:00","Kabam","2023-09-30 00:00:00+00:00","NO","0","NO","true"
"","2023-09-30 00:00:00+00:00","Augury","2023-09-30 00:00:00+00:00","NO","0","NO","true"
"","2023-09-30 00:00:00+00:00","Lemon","2023-09-30 00:00:00+00:00","NO","0","NO","true"
"","2023-09-30 00:00:00+00:00","Sana","2023-09-30 00:00:00+00:00","NO","0","NO","true"
"","2023-09-30 00:00:00+00:00","Zoomo","2023-09-30 00:00:00+00:00","NO","0","NO","true"
"","2023-09-30 00:00:00+00:00","BitMEX","2023-09-30 00:00:00+00:00","NO","0","NO","true"
"","2023-09-30 00:00:00+00:00","Booktopia","2023-09-30 00:00:00+00:00","NO","0","NO","true"
"","2023-09-30 00:00:00+00:00","Chargebee","2023-09-30 00:00:00+00:00","NO","0","NO","true"
"","2023-09-30 00:00:00+00:00","Homebot","2023-09-30 00:00:00+00:00","NO","0","NO","true"
"","2023-09-30 00:00:00+00:00","Binance.US","2023-09-30 00:00:00+00:00","NO","0","NO","true"
"","2023-09-30 00:00:00+00:00","Reforge","2023-09-30 00:00:00+00:00","NO","0","NO","true"
"","2023-09-30 00:00:00+00:00","Wavely","2023-09-30 00:00:00+00:00","NO","0","NO","true"
"","2023-09-30 00:00:00+00:00","dot.LA","2023-09-30 00:00:00+00:00","NO","0","NO","true"
"","2023-09-30 00:00:00+00:00","&Open","2023-09-30 00:00:00+00:00","NO","0","NO","true"
"","2023-09-30 00:00:00+00:00","Century Therapeutics","2023-09-30 00:00:00+00:00","NO","0","NO","true"
"","2023-09-30 00:00:00+00:00","Match Group","2023-09-30 00:00:00+00:00","NO","0","NO","true"
"","2023-09-30 00:00:00+00:00","Pier","2023-09-30 00:00:00+00:00","NO","0","NO","true"
"","2023-09-30 00:00:00+00:00","Hopin","2023-09-30 00:00:00+00:00","NO","0","NO","true"
"","2023-09-30 00:00:00+00:00","Lululemon Studio","2023-09-30 00:00:00+00:00","NO","0","NO","true"
"","2023-09-30 00:00:00+00:00","OYO","2023-09-30 00:00:00+00:00","NO","0","NO","true"
"","2023-09-30 00:00:00+00:00","TCR2","2023-09-30 00:00:00+00:00","NO","0","NO","true"
"","2023-09-30 00:00:00+00:00","Upstart","2023-09-30 00:00:00+00:00","NO","0","NO","true"
"","2023-09-30 00:00:00+00:00","Yext","2023-09-30 00:00:00+00:00","NO","0","NO","true"
"","2023-09-30 00:00:00+00:00","Kinde","2023-09-30 00:00:00+00:00","NO","0","NO","true"
"","2023-09-30 00:00:00+00:00","Kraken","2023-09-30 00:00:00+00:00","NO","0","NO","true"
"","2023-09-30 00:00:00+00:00","Matterport","2023-09-30 00:00:00+00:00","NO","0","NO","true"
"","2023-09-30 00:00:00+00:00","Nexar","2023-09-30 00:00:00+00:00","NO","0","NO","true"
"","2023-09-30 00:00:00+00:00","Pavilion Data","2023-09-30 00:00:00+00:00","NO","0","NO","true"
"","2023-09-30 00:00:00+00:00","Captiv8","2023-09-30 00:00:00+00:00","NO","0","NO","true"
"","2023-09-30 00:00:00+00:00","Daylight","2023-09-30 00:00:00+00:00","NO","0","NO","true"
"","2023-09-30 00:00:00+00:00","Lordstown Motors","2023-09-30 00:00:00+00:00","NO","0","NO","true"
"","2023-09-30 00:00:00+00:00","Qyuki","2023-09-30 00:00:00+00:00","NO","0","NO","true"
"","2023-09-30 00:00:00+00:00","Relevel","2023-09-30 00:00:00+00:00","NO","0","NO","true"
"","2023-09-30 00:00:00+00:00","The Iconic","2023-09-30 00:00:00+00:00","NO","0","NO","true"
"","2023-09-30 00:00:00+00:00","VerticalScope","2023-09-30 00:00:00+00:00","NO","0","NO","true"
"","2023-09-30 00:00:00+00:00","Brodmann17","2023-09-30 00:00:00+00:00","NO","0","NO","true"
"","2023-09-30 00:00:00+00:00","Slite","2023-09-30 00:00:00+00:00","NO","0","NO","true"
"","2023-09-30 00:00:00+00:00","Thread","2023-09-30 00:00:00+00:00","NO","0","NO","true"
"","2023-09-30 00:00:00+00:00","Clockwork","2023-09-30 00:00:00+00:00","NO","0","NO","true"
"","2023-09-30 00:00:00+00:00","Veriff","2023-09-30 00:00:00+00:00","NO","0","NO","true"
"","2023-09-30 00:00:00+00:00","Vesttoo","2023-09-30 00:00:00+00:00","NO","0","NO","true"
"","2023-09-30 00:00:00+00:00","Callisto Media","2023-09-30 00:00:00+00:00","NO","0","NO","true"
"","2023-09-30 00:00:00+00:00","Zeplin","2023-09-30 00:00:00+00:00","NO","0","NO","true"
"","2023-09-30 00:00:00+00:00","Eventus","2023-09-30 00:00:00+00:00","NO","0","NO","true"
"","2023-09-30 00:00:00+00:00","Lightico","2023-09-30 00:00:00+00:00","NO","0","NO","true"
"","2023-09-30 00:00:00+00:00","Nuro","2023-09-30 00:00:00+00:00","NO","0","NO","true"
"","2023-09-30 00:00:00+00:00","BharatAgri","2023-09-30 00:00:00+00:00","NO","0","NO","true"
"","2023-09-30 00:00:00+00:00","Tiki","2023-09-30 00:00:00+00:00","NO","0","NO","true"
"","2023-09-30 00:00:00+00:00","DUX Education","2023-09-30 00:00:00+00:00","NO","0","NO","true"
"","2023-09-30 00:00:00+00:00","Quizy","2023-09-30 00:00:00+00:00","NO","0","NO","true"
"","2023-09-30 00:00:00+00:00","Advata","2023-09-30 00:00:00+00:00","NO","0","NO","true"
"","2023-09-30 00:00:00+00:00","Kandela","2023-09-30 00:00:00+00:00","NO","0","NO","true"
"","2023-09-30 00:00:00+00:00","Pristyn Care","2023-09-30 00:00:00+00:00","NO","0","NO","true"
"","2023-09-30 00:00:00+00:00","Airmeet","2023-09-30 00:00:00+00:00","NO","0","NO","true"
"","2023-09-30 00:00:00+00:00","CaptivateIQ","2023-09-30 00:00:00+00:00","NO","0","NO","true"
"","2023-09-30 00:00:00+00:00","Hypefast","2023-09-30 00:00:00+00:00","NO","0","NO","true"
"","2023-09-30 00:00:00+00:00","Koo","2023-09-30 00:00:00+00:00","NO","0","NO","true"
"","2023-09-30 00:00:00+00:00","SecureWorks","2023-09-30 00:00:00+00:00","NO","0","NO","true"
"","2023-09-30 00:00:00+00:00","Lunchtime","2023-09-30 00:00:00+00:00","NO","0","NO","true"
"","2023-09-30 00:00:00+00:00","Zoom","2023-09-30 00:00:00+00:00","NO","0","NO","true"
"","2023-09-30 00:00:00+00:00","BM Technologies","2023-09-30 00:00:00+00:00","NO","0","NO","true"
"","2023-09-30 00:00:00+00:00","Clearcover","2023-09-30 00:00:00+00:00","NO","0","NO","true"
"","2023-09-30 00:00:00+00:00","Hirect","2023-09-30 00:00:00+00:00","NO","0","NO","true"
"","2023-09-30 00:00:00+00:00","Kaleidoscope","2023-09-30 00:00:00+00:00","NO","0","NO","true"
"","2023-09-30 00:00:00+00:00","Revelate","2023-09-30 00:00:00+00:00","NO","0","NO","true"
"","2023-09-30 00:00:00+00:00","Tiendanube","2023-09-30 00:00:00+00:00","NO","0","NO","true"
"","2023-09-30 00:00:00+00:00","Khoros","2023-09-30 00:00:00+00:00","NO","0","NO","true"
"","2023-09-30 00:00:00+00:00","Whispir","2023-09-30 00:00:00+00:00","NO","0","NO","true"
"","2023-09-30 00:00:00+00:00","Willow","2023-09-30 00:00:00+00:00","NO","0","NO","true"
"","2023-09-30 00:00:00+00:00","Carbon","2023-09-30 00:00:00+00:00","NO","0","NO","true"
"","2023-09-30 00:00:00+00:00","Moove","2023-09-30 00:00:00+00:00","NO","0","NO","true"
"","2023-09-30 00:00:00+00:00","Niantic","2023-09-30 00:00:00+00:00","NO","0","NO","true"
"","2023-09-30 00:00:00+00:00","Tomorrow","2023-09-30 00:00:00+00:00","NO","0","NO","true"
"","2023-09-30 00:00:00+00:00","Change Invest","2023-09-30 00:00:00+00:00","NO","0","NO","true"
"","2023-09-30 00:00:00+00:00","OwnBackup","2023-09-30 00:00:00+00:00","NO","0","NO","true"
"","2023-09-30 00:00:00+00:00","Pocket Aces","2023-09-30 00:00:00+00:00","NO","0","NO","true"
"","2023-09-30 00:00:00+00:00","Highspot","2023-09-30 00:00:00+00:00","NO","0","NO","true"
"","2023-09-30 00:00:00+00:00","Torii","2023-09-30 00:00:00+00:00","NO","0","NO","true"
"","2023-09-30 00:00:00+00:00","Anyline","2023-09-30 00:00:00+00:00","NO","0","NO","true"
"","2023-09-30 00:00:00+00:00","Cimpress","2023-09-30 00:00:00+00:00","NO","0","NO","true"
"","2023-09-30 00:00:00+00:00","Vista Group","2023-09-30 00:00:00+00:00","NO","0","NO","true"
"","2023-09-30 00:00:00+00:00","Bally's Interactive","2023-09-30 00:00:00+00:00","NO","0","NO","true"
"","2023-09-30 00:00:00+00:00","Omuni","2023-09-30 00:00:00+00:00","NO","0","NO","true"
"","2023-09-30 00:00:00+00:00","Weedmaps","2023-09-30 00:00:00+00:00","NO","0","NO","true"
"","2023-09-30 00:00:00+00:00","Binance","2023-09-30 00:00:00+00:00","NO","0","NO","true"
"","2023-09-30 00:00:00+00:00","ClearCo","2023-09-30 00:00:00+00:00","NO","0","NO","true"
"","2023-09-30 00:00:00+00:00","Digital Surge","2023-09-30 00:00:00+00:00","NO","0","NO","true"
"","2023-09-30 00:00:00+00:00","Nestcoin","2023-09-30 00:00:00+00:00","NO","0","NO","true"
"","2023-09-30 00:00:00+00:00","Ocavu","2023-09-30 00:00:00+00:00","NO","0","NO","true"
"","2023-09-30 00:00:00+00:00","Joonko","2023-09-30 00:00:00+00:00","NO","0","NO","true"
"","2023-09-30 00:00:00+00:00","Karshare","2023-09-30 00:00:00+00:00","NO","0","NO","true"
"","2023-09-30 00:00:00+00:00","Permutive","2023-09-30 00:00:00+00:00","NO","0","NO","true"
"","2023-09-30 00:00:00+00:00","Lazerpay","2023-09-30 00:00:00+00:00","NO","0","NO","true"
"","2023-09-30 00:00:00+00:00","Matrixport","2023-09-30 00:00:00+00:00","NO","0","NO","true"
"","2023-09-30 00:00:00+00:00","Protego Trust Bank","2023-09-30 00:00:00+00:00","NO","0","NO","true"
"","2023-09-30 00:00:00+00:00","Zume","2023-09-30 00:00:00+00:00","NO","0","NO","true"
"","2023-09-30 00:00:00+00:00","iCAD","2023-09-30 00:00:00+00:00","NO","0","NO","true"
"","2023-09-30 00:00:00+00:00","Briza","2023-09-30 00:00:00+00:00","NO","0","NO","true"
"","2023-09-30 00:00:00+00:00","Octopus Network","2023-09-30 00:00:00+00:00","NO","0","NO","true"
"","2023-09-30 00:00:00+00:00","Sendy","2023-09-30 00:00:00+00:00","NO","0","NO","true"
"","2023-09-30 00:00:00+00:00","Frequency Therapeutics","2023-09-30 00:00:00+00:00","NO","0","NO","true"
"","2023-09-30 00:00:00+00:00","Protocol Labs","2023-09-30 00:00:00+00:00","NO","0","NO","true"
"","2023-09-30 00:00:00+00:00","Quidax","2023-09-30 00:00:00+00:00","NO","0","NO","true"
"","2023-09-30 00:00:00+00:00","Ten Square Games","2023-09-30 00:00:00+00:00","NO","0","NO","true"
"","2023-09-30 00:00:00+00:00","Yahoo","2023-09-30 00:00:00+00:00","NO","0","NO","true"
"","2023-09-30 00:00:00+00:00","Capital One","2023-09-30 00:00:00+00:00","NO","0","NO","true"
"","2023-09-30 00:00:00+00:00","HelloFresh","2023-09-30 00:00:00+00:00","NO","0","NO","true"
"","2023-09-30 00:00:00+00:00","Providoor","2023-09-30 00:00:00+00:00","NO","0","NO","true"
"","2023-09-30 00:00:00+00:00","AppHarvest","2023-09-30 00:00:00+00:00","NO","0","NO","true"
"","2023-09-30 00:00:00+00:00","Ezoic","2023-09-30 00:00:00+00:00","NO","0","NO","true"
"","2023-09-30 00:00:00+00:00","Bunnii","2023-09-30 00:00:00+00:00","NO","0","NO","true"
"","2023-09-30 00:00:00+00:00","Edifecs","2023-09-30 00:00:00+00:00","NO","0","NO","true"
"","2023-09-30 00:00:00+00:00","Twitter","2023-09-30 00:00:00+00:00","NO","0","NO","true"
"","2023-09-30 00:00:00+00:00","Sisense","2023-09-30 00:00:00+00:00","NO","0","NO","true"
"","2023-09-30 00:00:00+00:00","Verse","2023-09-30 00:00:00+00:00","NO","0","NO","true"
"","2023-09-30 00:00:00+00:00","GoMechanic","2023-09-30 00:00:00+00:00","NO","0","NO","true"
"","2023-09-30 00:00:00+00:00","Kite","2023-09-30 00:00:00+00:00","NO","0","NO","true"
"","2023-09-30 00:00:00+00:00","Tickertape","2023-09-30 00:00:00+00:00","NO","0","NO","true"
"","2023-09-30 00:00:00+00:00","Apollo","2023-09-30 00:00:00+00:00","NO","0","NO","true"
"","2023-09-30 00:00:00+00:00","Blockchain.com","2023-09-30 00:00:00+00:00","NO","0","NO","true"
"","2023-09-30 00:00:00+00:00","Clue","2023-09-30 00:00:00+00:00","NO","0","NO","true"
"","2023-09-30 00:00:00+00:00","Datree","2023-09-30 00:00:00+00:00","NO","0","NO","true"
"","2023-09-30 00:00:00+00:00","Syft Technologies","2023-09-30 00:00:00+00:00","NO","0","NO","true"
"","2023-09-30 00:00:00+00:00","Hooray Foods","2023-09-30 00:00:00+00:00","NO","0","NO","true"
"","2023-09-30 00:00:00+00:00","MaxMilhas","2023-09-30 00:00:00+00:00","NO","0","NO","true"
"","2023-09-30 00:00:00+00:00","Mudafy","2023-09-30 00:00:00+00:00","NO","0","NO","true"
"","2023-09-30 00:00:00+00:00","Loop","2023-09-30 00:00:00+00:00","NO","0","NO","true"
"","2023-09-30 00:00:00+00:00","Assure","2023-09-30 00:00:00+00:00","NO","0","NO","true"
"","2023-09-30 00:00:00+00:00","CareRev","2023-09-30 00:00:00+00:00","NO","0","NO","true"
"","2023-09-30 00:00:00+00:00","1K Kirana","2023-09-30 00:00:00+00:00","NO","0","NO","true"
"","2023-09-30 00:00:00+00:00","Nirvana Money","2023-09-30 00:00:00+00:00","NO","0","NO","true"
"","2023-09-30 00:00:00+00:00","Venngage","2023-09-30 00:00:00+00:00","NO","0","NO","true"
"","2023-09-30 00:00:00+00:00","ZoomInfo","2023-09-30 00:00:00+00:00","NO","0","NO","true"
"","2023-09-30 00:00:00+00:00","Capitolis","2023-09-30 00:00:00+00:00","NO","0","NO","true"
"","2023-09-30 00:00:00+00:00","FrontRow","2023-09-30 00:00:00+00:00","NO","0","NO","true"
"","2023-09-30 00:00:00+00:00","Nyriad","2023-09-30 00:00:00+00:00","NO","0","NO","true"
"","2023-09-30 00:00:00+00:00","WeTrade","2023-09-30 00:00:00+00:00","NO","0","NO","true"
"","2023-09-30 00:00:00+00:00","SoundHound","2023-09-30 00:00:00+00:00","NO","0","NO","true"